{
"type": "FeatureCollection",
"name": "UnidadesEnsinoV2",
"crs": { "type": "name", "properties": { "name": "urn:ogc:def:crs:EPSG::9707" } },
"features": [
{"type":"Feature","properties":{"OBJECTID":1,"FID_Unidades_Escolares_V2":94,"ITEM":94.0,"UNIDADE":"EMEB CLÓVIS HUGUENEY NETO - VEREADOR CLÓVITO","UNIDADE2":"EMEB Clóvis Hugueney Neto - Vereador Clóvito","EMAIL":"emeb.clovis.huguiney@sme.cuiaba.mt.gov.br","ENDEREÇO":"AVENIDA A, S/N - BAIRRO RESIDENCIAL ALTOS DO PARQUE I, Cuiabá/MT - CEP: 78096385.","REGIONAL":"Sul","CODIGO_INEP":51067803.0,"LATITUDE":-15.684,"LONGITUDE":-56.0351,"LINK1":"https://www.google.com/maps?q=-15.684,-56.0351","LINK":"https://www.google.com/maps?q=-15.684,-56.0351","Tipo":null,"Unidade1":null,"Diretor":"-","Coordenador":null,"Secretário":null,"Endereco1":null,"CEP1":null,"Telefone1":null,"Email1":null,"obs":null,"FID_BAIRROS":2050,"NOMES_BAIRROS":"ÁREAS DE EXPANSÃO URBANA - REGIÃO SUL","CONTROLE_1":"REGIAO SUL"},"geometry":{"type":"Point","coordinates":[-56.0351,-15.684]}},
{"type":"Feature","properties":{"OBJECTID":2,"FID_Unidades_Escolares_V2":147,"ITEM":147.0,"UNIDADE":"EMEB PROFESSORA JOANA DARK DA SILVA","UNIDADE2":"EMEB Professora Joana Dark da Silva","EMAIL":"emeb.joana.silva@sme.cuiaba.mt.gov.br","ENDEREÇO":"RUA DOS IPES, S/N - BAIRRO REAL PARQUE, Cuiabá/MT - CEP: 78095525.","REGIONAL":"Sul","CODIGO_INEP":51089726.0,"LATITUDE":-15.6749,"LONGITUDE":-56.0367,"LINK1":"https://www.google.com/maps?q=-15.6749,-56.0367","LINK":"https://www.google.com/maps?q=-15.6749,-56.0367","Tipo":"EMEB","Unidade1":"EMEB Professora Joana Dark da Silva","Diretor":"Valdir Xavier da Silva","Coordenador":"Roselene Ferreira Oliveira de Campos","Secretário":"Ítalo da Silva Schneider","Endereco1":"Rua dos Ipês S/N, Bairro Real Parque","CEP1":"78095-525","Telefone1":"(65) 3313-3170","Email1":"emeb.joana.silva@sme.cuiaba.mt.gov.br","obs":0.0,"FID_BAIRROS":2050,"NOMES_BAIRROS":"ÁREAS DE EXPANSÃO URBANA - REGIÃO SUL","CONTROLE_1":"REGIAO SUL"},"geometry":{"type":"Point","coordinates":[-56.0367,-15.6749]}},
{"type":"Feature","properties":{"OBJECTID":3,"FID_Unidades_Escolares_V2":65,"ITEM":65.0,"UNIDADE":"CMEI ENGENHEIRO OSCAR AMELITO","UNIDADE2":"CMEI Engenheiro Oscar Amelito","EMAIL":"cmei.oscar.amelito@sme.cuiaba.mt.gov.br","ENDEREÇO":"RUA DAS PALMEIRAS, S/N - BAIRRO REAL PARQUE, Cuiabá/MT - CEP: 78095598.","REGIONAL":"Sul","CODIGO_INEP":51068109.0,"LATITUDE":-15.6723,"LONGITUDE":-56.0379,"LINK1":"https://www.google.com/maps?q=-15.6723,-56.0379","LINK":"https://www.google.com/maps?q=-15.6723,-56.0379","Tipo":null,"Unidade1":null,"Diretor":"-","Coordenador":null,"Secretário":null,"Endereco1":null,"CEP1":null,"Telefone1":null,"Email1":null,"obs":null,"FID_BAIRROS":2050,"NOMES_BAIRROS":"ÁREAS DE EXPANSÃO URBANA - REGIÃO SUL","CONTROLE_1":"REGIAO SUL"},"geometry":{"type":"Point","coordinates":[-56.0379,-15.6723]}},
{"type":"Feature","properties":{"OBJECTID":4,"FID_Unidades_Escolares_V2":130,"ITEM":130.0,"UNIDADE":"EMEB PADRE RAIMUNDO CONCEIÇÃO POMBO MOREIRA DA CRUZ","UNIDADE2":"EMEB Padre Raimundo Conceição Pombo Moreira da Cruz","EMAIL":"emeb.raimundo.pombo@sme.cuiaba.mt.gov.br","ENDEREÇO":"RUA T-5, SN - BAIRRO PARQUE CUIABA, Cuiabá/MT - CEP: 78095467.","REGIONAL":"Sul","CODIGO_INEP":51058855.0,"LATITUDE":-15.6689,"LONGITUDE":-56.041,"LINK1":"https://www.google.com/maps?q=-15.6689,-56.041","LINK":"https://www.google.com/maps?q=-15.6689,-56.041","Tipo":"EMEB","Unidade1":"EMEB Padre Raimundo Conceição Pombo Moreira da Cruz","Diretor":"Jovilainy Gonçalves da Silva","Coordenador":"Claudenice Merces da Silva","Secretário":"Ariane Marques de Arruda","Endereco1":"Rua T5 S/N - Parque Cuiabá","CEP1":"78095-467","Telefone1":"(65) 3021-2222","Email1":"emeb.raimundo.pombo@sme.cuiaba.mt.gov.br","obs":0.0,"FID_BAIRROS":2047,"NOMES_BAIRROS":"PARQUE CUIABÁ","CONTROLE_1":"REGIAO SUL"},"geometry":{"type":"Point","coordinates":[-56.041,-15.6689]}},
{"type":"Feature","properties":{"OBJECTID":5,"FID_Unidades_Escolares_V2":104,"ITEM":104.0,"UNIDADE":"EMEB FLORIANO BOCHENEKI","UNIDADE2":"EMEB Floriano Bocheneki","EMAIL":"emeb.floriano.bocheneki@sme.cuiaba.mt.gov.br","ENDEREÇO":"RUA SD QUADRA: 62, 438 - BAIRRO PARQUE ATALAIA, Cuiabá/MT - CEP: 78095190.","REGIONAL":"Sul","CODIGO_INEP":51040085.0,"LATITUDE":-15.6655,"LONGITUDE":-56.0589,"LINK1":"https://www.google.com/maps?q=-15.6655,-56.0589","LINK":"https://www.google.com/maps?q=-15.6655,-56.0589","Tipo":null,"Unidade1":null,"Diretor":"-","Coordenador":null,"Secretário":null,"Endereco1":null,"CEP1":null,"Telefone1":null,"Email1":null,"obs":null,"FID_BAIRROS":2046,"NOMES_BAIRROS":"PARQUE ATALAIA","CONTROLE_1":"REGIAO SUL"},"geometry":{"type":"Point","coordinates":[-56.0589,-15.6655]}},
{"type":"Feature","properties":{"OBJECTID":6,"FID_Unidades_Escolares_V2":41,"ITEM":41.0,"UNIDADE":"CEIC PROFESSOR AECIM TOCANTINS","UNIDADE2":"CEIC Professor Aecim Tocantins","EMAIL":"creche.aecim.tocantins@sme.cuiaba.mt.gov.br","ENDEREÇO":"RUA S, S/N - BAIRRO PARQUE ATALAIA, Cuiabá/MT - CEP: 78095190.","REGIONAL":"Sul","CODIGO_INEP":51063220.0,"LATITUDE":-15.6654,"LONGITUDE":-56.0586,"LINK1":"https://www.google.com/maps?q=-15.6654,-56.0586","LINK":"https://www.google.com/maps?q=-15.6654,-56.0586","Tipo":null,"Unidade1":null,"Diretor":"-","Coordenador":null,"Secretário":null,"Endereco1":null,"CEP1":null,"Telefone1":null,"Email1":null,"obs":null,"FID_BAIRROS":2046,"NOMES_BAIRROS":"PARQUE ATALAIA","CONTROLE_1":"REGIAO SUL"},"geometry":{"type":"Point","coordinates":[-56.0586,-15.6654]}},
{"type":"Feature","properties":{"OBJECTID":7,"FID_Unidades_Escolares_V2":78,"ITEM":78.0,"UNIDADE":"CMEI PROFESSORA MARÍLIA INÊS PEDROLLO SALOMONI","UNIDADE2":"CMEI Professora Marília Inês Pedrollo Salomoni","EMAIL":"cmei.marilia.salomoni@sme.cuiaba.mt.gov.br","ENDEREÇO":"AVENIDA B (RES S TEREZINHA - 2A ETAPA), S/N - BAIRRO RESIDENCIAL COXIPO, Cuiabá/MT - CEP: 78089806.","REGIONAL":"Sul","CODIGO_INEP":51068800.0,"LATITUDE":-15.663,"LONGITUDE":-56.0362,"LINK1":"https://www.google.com/maps?q=-15.663,-56.0362","LINK":"https://www.google.com/maps?q=-15.663,-56.0362","Tipo":null,"Unidade1":null,"Diretor":"-","Coordenador":null,"Secretário":null,"Endereco1":null,"CEP1":null,"Telefone1":null,"Email1":null,"obs":null,"FID_BAIRROS":2052,"NOMES_BAIRROS":"RESIDENCIAL COXIPÓ","CONTROLE_1":"REGIAO SUL"},"geometry":{"type":"Point","coordinates":[-56.0362,-15.663]}},
{"type":"Feature","properties":{"OBJECTID":8,"FID_Unidades_Escolares_V2":68,"ITEM":68.0,"UNIDADE":"CMEI JORNALISTA MARCOS COUTINHO","UNIDADE2":"CMEI Jornalista Marcos Coutinho","EMAIL":"cmei.marcos.coutinho@sme.cuiaba.mt.gov.br","ENDEREÇO":"RUA DOIS (LOT PRQ N ESPERANCA III), S/N - BAIRRO JARDIM INDUSTRIARIO, Cuiabá/MT - CEP: 78099485.","REGIONAL":"Sul","CODIGO_INEP":51068745.0,"LATITUDE":-15.6556,"LONGITUDE":-55.9772,"LINK1":"https://www.google.com/maps?q=-15.6556,-55.9772","LINK":"https://www.google.com/maps?q=-15.6556,-55.9772","Tipo":null,"Unidade1":null,"Diretor":"-","Coordenador":null,"Secretário":null,"Endereco1":null,"CEP1":null,"Telefone1":null,"Email1":null,"obs":null,"FID_BAIRROS":2055,"NOMES_BAIRROS":"JARDIM INDUSTRIÁRIO","CONTROLE_1":"REGIAO SUL"},"geometry":{"type":"Point","coordinates":[-55.9772,-15.6556]}},
{"type":"Feature","properties":{"OBJECTID":9,"FID_Unidades_Escolares_V2":160,"ITEM":160.0,"UNIDADE":"EMEB SILVA FREIRE","UNIDADE2":"EMEB Silva Freire","EMAIL":"emeb.silva.freire@sme.cuiaba.mt.gov.br","ENDEREÇO":"AVENIDA BAKAIRI, S/N - BAIRRO ITAPAJE, Cuiabá/MT - CEP: 78015285.","REGIONAL":"Sul","CODIGO_INEP":51058804.0,"LATITUDE":-15.6531,"LONGITUDE":-56.0275,"LINK1":"https://www.google.com/maps?q=-15.6531,-56.0275","LINK":"https://www.google.com/maps?q=-15.6531,-56.0275","Tipo":null,"Unidade1":null,"Diretor":"-","Coordenador":null,"Secretário":null,"Endereco1":null,"CEP1":null,"Telefone1":null,"Email1":null,"obs":null,"FID_BAIRROS":2052,"NOMES_BAIRROS":"RESIDENCIAL COXIPÓ","CONTROLE_1":"REGIAO SUL"},"geometry":{"type":"Point","coordinates":[-56.0275,-15.6531]}},
{"type":"Feature","properties":{"OBJECTID":10,"FID_Unidades_Escolares_V2":157,"ITEM":157.0,"UNIDADE":"EMEB SENADOR DARCY RIBEIRO","UNIDADE2":"EMEB Senador Darcy Ribeiro","EMAIL":"emeb.darcy.ribeiro@sme.cuiaba.mt.gov.br","ENDEREÇO":"RUA DEZOITO (LOT JD INDUSTRIARIO I), S/N - BAIRRO JARDIM INDUSTRIARIO, Cuiabá/MT - CEP: 78098654.","REGIONAL":"Sul","CODIGO_INEP":51058839.0,"LATITUDE":-15.6511,"LONGITUDE":-55.9808,"LINK1":"https://www.google.com/maps?q=-15.6511,-55.9808","LINK":"https://www.google.com/maps?q=-15.6511,-55.9808","Tipo":null,"Unidade1":null,"Diretor":"-","Coordenador":null,"Secretário":null,"Endereco1":null,"CEP1":null,"Telefone1":null,"Email1":null,"obs":null,"FID_BAIRROS":2055,"NOMES_BAIRROS":"JARDIM INDUSTRIÁRIO","CONTROLE_1":"REGIAO SUL"},"geometry":{"type":"Point","coordinates":[-55.9808,-15.6511]}},
{"type":"Feature","properties":{"OBJECTID":11,"FID_Unidades_Escolares_V2":112,"ITEM":112.0,"UNIDADE":"EMEB JOSE TORQUATO DA SILVA","UNIDADE2":"EMEB Jose Torquato da Silva","EMAIL":"emeb.jose.torquato@sme.cuiaba.mt.gov.br","ENDEREÇO":"RUA 20, S/N - BAIRRO PARQUE RESIDENCIAL COXIPO, Cuiabá/MT - CEP: 78090418.","REGIONAL":"Sul","CODIGO_INEP":51040158.0,"LATITUDE":-15.6509,"LONGITUDE":-56.0352,"LINK1":"https://www.google.com/maps?q=-15.6509,-56.0352","LINK":"https://www.google.com/maps?q=-15.6509,-56.0352","Tipo":null,"Unidade1":null,"Diretor":"-","Coordenador":null,"Secretário":null,"Endereco1":null,"CEP1":null,"Telefone1":null,"Email1":null,"obs":null,"FID_BAIRROS":2052,"NOMES_BAIRROS":"RESIDENCIAL COXIPÓ","CONTROLE_1":"REGIAO SUL"},"geometry":{"type":"Point","coordinates":[-56.0352,-15.6509]}},
{"type":"Feature","properties":{"OBJECTID":12,"FID_Unidades_Escolares_V2":25,"ITEM":25.0,"UNIDADE":"CEIC LELITA LINO DA SILVA","UNIDADE2":"CEIC Lelita Lino da Silva","EMAIL":"creche.lelita.silva@sme.cuiaba.mt.gov.br","ENDEREÇO":"RUA DOIS, S/N - BAIRRO NOVO MILENIO, Cuiabá/MT - CEP: 78092003.jesce","REGIONAL":"Sul","CODIGO_INEP":51089700.0,"LATITUDE":-15.6474,"LONGITUDE":-56.0462,"LINK1":"https://www.google.com/maps?q=-15.6474,-56.0462","LINK":"https://www.google.com/maps?q=-15.6474,-56.0462","Tipo":null,"Unidade1":null,"Diretor":"-","Coordenador":null,"Secretário":null,"Endereco1":null,"CEP1":null,"Telefone1":null,"Email1":null,"obs":null,"FID_BAIRROS":2053,"NOMES_BAIRROS":"COHAB SÃO GONÇALO","CONTROLE_1":"REGIAO SUL"},"geometry":{"type":"Point","coordinates":[-56.0462,-15.6474]}},
{"type":"Feature","properties":{"OBJECTID":13,"FID_Unidades_Escolares_V2":29,"ITEM":29.0,"UNIDADE":"CEIC MARECHAL RONDON","UNIDADE2":"CEIC Marechal Rondon","EMAIL":"creche.marechal.rondon@sme.cuiaba.mt.gov.br","ENDEREÇO":"RUA A, 7 - BAIRRO DISTRITO INDUSTRIAL, Cuiabá/MT - CEP: 78098275.","REGIONAL":"Sul","CODIGO_INEP":51166828.0,"LATITUDE":-15.6473,"LONGITUDE":-55.9926,"LINK1":"https://www.google.com/maps?q=-15.6473,-55.9926","LINK":"https://www.google.com/maps?q=-15.6473,-55.9926","Tipo":null,"Unidade1":null,"Diretor":"-","Coordenador":null,"Secretário":null,"Endereco1":null,"CEP1":null,"Telefone1":null,"Email1":null,"obs":null,"FID_BAIRROS":2081,"NOMES_BAIRROS":"PASCOAL RAMOS","CONTROLE_1":"REGIAO SUL"},"geometry":{"type":"Point","coordinates":[-55.9926,-15.6473]}},
{"type":"Feature","properties":{"OBJECTID":14,"FID_Unidades_Escolares_V2":19,"ITEM":19.0,"UNIDADE":"CEIC JOSÉ GABRIEL DA COSTA","UNIDADE2":"CEIC José Gabriel da Costa","EMAIL":"ceic.jose.costa@sme.cuiaba.mt.gov.br","ENDEREÇO":"AVENIDA CAMBORIU, 102 - BAIRRO PARQUE GEORGIA, Cuiabá/MT - CEP: 78085400.","REGIONAL":"Sul","CODIGO_INEP":51070294.0,"LATITUDE":-15.6472,"LONGITUDE":-56.0578,"LINK1":"https://www.google.com/maps?q=-15.6472,-56.0578","LINK":"https://www.google.com/maps?q=-15.6472,-56.0578","Tipo":"CEIC","Unidade1":"CEIC José Gabriel da Costa","Diretor":"Denis de Moraes Dias dos Santos","Coordenador":"0","Secretário":"0","Endereco1":"Av. Camboriú, Q. 32, Lote 102 – Parque Geórgia","CEP1":"78085-400","Telefone1":"(65) 3021-3333","Email1":"ceic.costa@sme.cuiaba.mt.gov.br","obs":0.0,"FID_BAIRROS":2054,"NOMES_BAIRROS":"PARQUE GEÓRGIA","CONTROLE_1":"REGIAO SUL"},"geometry":{"type":"Point","coordinates":[-56.0578,-15.6472]}},
{"type":"Feature","properties":{"OBJECTID":15,"FID_Unidades_Escolares_V2":164,"ITEM":164.0,"UNIDADE":"EMEB VEREADOR PAULO DE CAMPOS BORGES","UNIDADE2":"EMEB Vereador Paulo de Campos Borges","EMAIL":"emeb.paulo.borges@sme.cuiaba.mt.gov.br","ENDEREÇO":"RUA A, S/N - BAIRRO CONJUNTO HABITACIONAL MARECHAL CANDIDO RONDON, Cuiabá/MT - CEP: 78097014.","REGIONAL":"Sul","CODIGO_INEP":51068427.0,"LATITUDE":-15.6472,"LONGITUDE":-55.9924,"LINK1":"https://www.google.com/maps?q=-15.6472,-55.9924","LINK":"https://www.google.com/maps?q=-15.6472,-55.9924","Tipo":null,"Unidade1":null,"Diretor":"-","Coordenador":null,"Secretário":null,"Endereco1":null,"CEP1":null,"Telefone1":null,"Email1":null,"obs":null,"FID_BAIRROS":2081,"NOMES_BAIRROS":"PASCOAL RAMOS","CONTROLE_1":"REGIAO SUL"},"geometry":{"type":"Point","coordinates":[-55.9924,-15.6472]}},
{"type":"Feature","properties":{"OBJECTID":16,"FID_Unidades_Escolares_V2":5,"ITEM":5.0,"UNIDADE":"CEIC AMALIA CURVO DE CAMPOS","UNIDADE2":"CEIC Amalia Curvo de Campos","EMAIL":"creche.amalia.campos@sme.cuiaba.mt.gov.br","ENDEREÇO":"AVENIDA PRINCIPAL, S/N - BAIRRO RESIDENCIAL COXIPO, Cuiabá/MT - CEP: 78005000.","REGIONAL":"Sul","CODIGO_INEP":51093960.0,"LATITUDE":-15.6464,"LONGITUDE":-56.0335,"LINK1":"https://www.google.com/maps?q=-15.6464,-56.0335","LINK":"https://www.google.com/maps?q=-15.6464,-56.0335","Tipo":"CEIC","Unidade1":"CEIC AMALIA CURVO DE CAMPOS","Diretor":"Rosa Maria da Costa Vieira","Coordenador":"Marta Damião da Silva Bastos","Secretário":"0","Endereco1":"Av. Principal, S/N – Residencial Coxipó","CEP1":"78009-290","Telefone1":"(65) 3364-3750","Email1":"creche.amalia.campos@sme.cuiaba.mt.gov.br","obs":0.0,"FID_BAIRROS":2052,"NOMES_BAIRROS":"RESIDENCIAL COXIPÓ","CONTROLE_1":"REGIAO SUL"},"geometry":{"type":"Point","coordinates":[-56.0335,-15.6464]}},
{"type":"Feature","properties":{"OBJECTID":17,"FID_Unidades_Escolares_V2":88,"ITEM":88.0,"UNIDADE":"EMEB ANA TEREZA ARCOS KRAUSE","UNIDADE2":"EMEB Ana Tereza Arcos Krause","EMAIL":"emeb.ana.krause@sme.cuiaba.mt.gov.br","ENDEREÇO":"RUA 13 QUADRA 19, S/N - BAIRRO JD INDUSTRIARIO II, Cuiabá/MT - CEP: 78015285.","REGIONAL":"Sul","CODIGO_INEP":51058812.0,"LATITUDE":-15.6452,"LONGITUDE":-55.976,"LINK1":"https://www.google.com/maps?q=-15.6452,-55.976","LINK":"https://www.google.com/maps?q=-15.6452,-55.976","Tipo":null,"Unidade1":null,"Diretor":"-","Coordenador":null,"Secretário":null,"Endereco1":null,"CEP1":null,"Telefone1":null,"Email1":null,"obs":null,"FID_BAIRROS":2055,"NOMES_BAIRROS":"JARDIM INDUSTRIÁRIO","CONTROLE_1":"REGIAO SUL"},"geometry":{"type":"Point","coordinates":[-55.976,-15.6452]}},
{"type":"Feature","properties":{"OBJECTID":18,"FID_Unidades_Escolares_V2":56,"ITEM":56.0,"UNIDADE":"CEIC SILVA FREIRE","UNIDADE2":"CEIC Silva Freire","EMAIL":"creche.embriao.freire@sme.cuiaba.mt.gov.br","ENDEREÇO":"RODOVIA PALMIRO PAES DE BARROS, S/N - BAIRRO JARDIM VISTA ALEGRE, Cuiabá/MT - CEP: 78005000.","REGIONAL":"Sul","CODIGO_INEP":51063123.0,"LATITUDE":-15.6417,"LONGITUDE":-56.0491,"LINK1":"https://www.google.com/maps?q=-15.6417,-56.0491","LINK":"https://www.google.com/maps?q=-15.6417,-56.0491","Tipo":null,"Unidade1":null,"Diretor":"-","Coordenador":null,"Secretário":null,"Endereco1":null,"CEP1":null,"Telefone1":null,"Email1":null,"obs":null,"FID_BAIRROS":2061,"NOMES_BAIRROS":"NOSSA SRA. APARECIDA","CONTROLE_1":"REGIAO SUL"},"geometry":{"type":"Point","coordinates":[-56.0491,-15.6417]}},
{"type":"Feature","properties":{"OBJECTID":19,"FID_Unidades_Escolares_V2":62,"ITEM":62.0,"UNIDADE":"CMEI AURO IDA","UNIDADE2":"CMEI Auro Ida","EMAIL":"cemei.auroida@sme.cuiaba.mt.gov.br","ENDEREÇO":"RUA E, S/N - BAIRRO JARDIM PASSAREDO, Cuiabá/MT - CEP: 78088805.","REGIONAL":"Sul","CODIGO_INEP":51066866.0,"LATITUDE":-15.6414,"LONGITUDE":-56.007,"LINK1":"https://www.google.com/maps?q=-15.6414,-56.007","LINK":"https://www.google.com/maps?q=-15.6414,-56.007","Tipo":null,"Unidade1":null,"Diretor":"-","Coordenador":null,"Secretário":null,"Endereco1":null,"CEP1":null,"Telefone1":null,"Email1":null,"obs":null,"FID_BAIRROS":2060,"NOMES_BAIRROS":"JARDIM PASSAREDO","CONTROLE_1":"REGIAO SUL"},"geometry":{"type":"Point","coordinates":[-56.007,-15.6414]}},
{"type":"Feature","properties":{"OBJECTID":20,"FID_Unidades_Escolares_V2":105,"ITEM":105.0,"UNIDADE":"EMEB FRANCISCO PEDROSO DA SILVA","UNIDADE2":"EMEB Francisco Pedroso da Silva","EMAIL":"emeb.francisco.silva@sme.cuiaba.mt.gov.br","ENDEREÇO":"AVENIDA DAS FLORES, 306 - BAIRRO SAO FRANCISCO, Cuiabá/MT - CEP: 78088800.","REGIONAL":"Sul","CODIGO_INEP":51040131.0,"LATITUDE":-15.6411,"LONGITUDE":-56.0133,"LINK1":"https://www.google.com/maps?q=-15.6411,-56.0133","LINK":"https://www.google.com/maps?q=-15.6411,-56.0133","Tipo":"EMEB","Unidade1":"EMEB Francisco Pedroso da Silva","Diretor":"Núbia Rafaelle Barbosa Neto","Coordenador":"Alexandra Aparecida Leontino; Larissa Sophia Veiga","Secretário":"Janete Nunes","Endereco1":"Avenida das Flores, 306, Bairro São Francisco","CEP1":"0","Telefone1":"(65) 3359-9860","Email1":"emeb.francisco.silva@sme.cuiaba.mt.gov.br","obs":null,"FID_BAIRROS":2059,"NOMES_BAIRROS":"SÃO FRANCISCO","CONTROLE_1":"REGIAO SUL"},"geometry":{"type":"Point","coordinates":[-56.0133,-15.6411]}},
{"type":"Feature","properties":{"OBJECTID":21,"FID_Unidades_Escolares_V2":163,"ITEM":163.0,"UNIDADE":"EMEB TEREZA BENGUELA","UNIDADE2":"EMEB Tereza Benguela","EMAIL":"emeb.tereza.benguela@sme.cuiaba.mt.gov.br","ENDEREÇO":"RUA A 01, S/N - BAIRRO JARDIM COMODORO, Cuiabá/MT - CEP: 78090470.","REGIONAL":"Sul","CODIGO_INEP":51040239.0,"LATITUDE":-15.6407,"LONGITUDE":-56.0438,"LINK1":"https://www.google.com/maps?q=-15.6407,-56.0438","LINK":"https://www.google.com/maps?q=-15.6407,-56.0438","Tipo":null,"Unidade1":null,"Diretor":"-","Coordenador":null,"Secretário":null,"Endereco1":null,"CEP1":null,"Telefone1":null,"Email1":null,"obs":null,"FID_BAIRROS":2058,"NOMES_BAIRROS":"JARDIM COMODORO","CONTROLE_1":"REGIAO SUL"},"geometry":{"type":"Point","coordinates":[-56.0438,-15.6407]}},
{"type":"Feature","properties":{"OBJECTID":22,"FID_Unidades_Escolares_V2":110,"ITEM":110.0,"UNIDADE":"EMEB JESUS CRIANÇA","UNIDADE2":"EMEB Jesus Criança","EMAIL":"emeb.jesus.crianca@sme.cuiaba.mt.gov.br","ENDEREÇO":"TRAVESSA J, S/N - BAIRRO PARQUE N ESPERANCA, Cuiabá/MT - CEP: 78005970.","REGIONAL":"Sul","CODIGO_INEP":51040140.0,"LATITUDE":-15.64,"LONGITUDE":-55.9722,"LINK1":"https://www.google.com/maps?q=-15.64,-55.9722","LINK":"https://www.google.com/maps?q=-15.64,-55.9722","Tipo":"EMEB","Unidade1":"EMEB Jesus Criança","Diretor":"Girlayne Ferreira Salgueiro","Coordenador":"Melissa Lilian Teixeira","Secretário":"Aleci Espírito Santo Silva","Endereco1":"Travessa -J, S/N – Bairro Nova Esperança","CEP1":"0","Telefone1":"(65) 3313-3104","Email1":"emeb.jesus.crianca@sme.cuiaba.mt.gov.br","obs":0.0,"FID_BAIRROS":2065,"NOMES_BAIRROS":"NOVA ESPERANÇA","CONTROLE_1":"REGIAO SUL"},"geometry":{"type":"Point","coordinates":[-55.9722,-15.64]}},
{"type":"Feature","properties":{"OBJECTID":23,"FID_Unidades_Escolares_V2":2,"ITEM":2.0,"UNIDADE":"CEEI PORTAL DA FÉ","UNIDADE2":"CEEI Portal da Fé","EMAIL":"ceei.educacao@sme.cuiaba.mt.gov.br","ENDEREÇO":"RUA LINHA DEZOITO, S/N - BAIRRO PEDRA 90, Cuiabá/MT - CEP: 78099000.","REGIONAL":"Sul","CODIGO_INEP":51065592.0,"LATITUDE":-15.6393,"LONGITUDE":-55.9412,"LINK1":"https://www.google.com/maps?q=-15.6393,-55.9412","LINK":"https://www.google.com/maps?q=-15.6393,-55.9412","Tipo":null,"Unidade1":null,"Diretor":"-","Coordenador":null,"Secretário":null,"Endereco1":null,"CEP1":null,"Telefone1":null,"Email1":null,"obs":null,"FID_BAIRROS":2083,"NOMES_BAIRROS":"PEDRA 90","CONTROLE_1":"REGIAO SUL"},"geometry":{"type":"Point","coordinates":[-55.9412,-15.6393]}},
{"type":"Feature","properties":{"OBJECTID":24,"FID_Unidades_Escolares_V2":64,"ITEM":64.0,"UNIDADE":"CMEI EDGAR SANTANA DE AMORIM","UNIDADE2":"CMEI Edgar Santana de Amorim","EMAIL":"cmei.edgar.amorim@sme.cuiaba.mt.gov.br","ENDEREÇO":"RUA COREIA (RES RECANTO DO SOL), S/N - BAIRRO JARDIM PASSAREDO, Cuiabá/MT - CEP: 78089085.","REGIONAL":"Sul","CODIGO_INEP":51069458.0,"LATITUDE":-15.6391,"LONGITUDE":-55.9973,"LINK1":"https://www.google.com/maps?q=-15.6391,-55.9973","LINK":"https://www.google.com/maps?q=-15.6391,-55.9973","Tipo":null,"Unidade1":null,"Diretor":"-","Coordenador":null,"Secretário":null,"Endereco1":null,"CEP1":null,"Telefone1":null,"Email1":null,"obs":null,"FID_BAIRROS":2063,"NOMES_BAIRROS":"LAGOA AZUL","CONTROLE_1":"REGIAO SUL"},"geometry":{"type":"Point","coordinates":[-55.9973,-15.6391]}},
{"type":"Feature","properties":{"OBJECTID":25,"FID_Unidades_Escolares_V2":139,"ITEM":139.0,"UNIDADE":"EMEB PROFESSOR ONOFRE OLIVEIRA","UNIDADE2":"EMEB Professor Onofre Oliveira","EMAIL":"emeb.onofre.oliveira@sme.cuiaba.mt.gov.br","ENDEREÇO":"RUA MARCOS DA LUZ, S/N - BAIRRO PASCOAL RAMOS, Cuiabá/MT - CEP: 78098120.","REGIONAL":"Sul","CODIGO_INEP":51058901.0,"LATITUDE":-15.639,"LONGITUDE":-55.9796,"LINK1":"https://www.google.com/maps?q=-15.639,-55.9796","LINK":"https://www.google.com/maps?q=-15.639,-55.9796","Tipo":null,"Unidade1":null,"Diretor":"-","Coordenador":null,"Secretário":null,"Endereco1":null,"CEP1":null,"Telefone1":null,"Email1":null,"obs":null,"FID_BAIRROS":2081,"NOMES_BAIRROS":"PASCOAL RAMOS","CONTROLE_1":"REGIAO SUL"},"geometry":{"type":"Point","coordinates":[-55.9796,-15.639]}},
{"type":"Feature","properties":{"OBJECTID":26,"FID_Unidades_Escolares_V2":28,"ITEM":28.0,"UNIDADE":"CEIC MANOELINO DE JESUS","UNIDADE2":"CEIC Manoelino de Jesus","EMAIL":"creche.manoelino.jesus@sme.cuiaba.mt.gov.br","ENDEREÇO":"AVENIDA BRASIL, S/N - BAIRRO PASCOAL RAMOS, Cuiabá/MT - CEP: 78098015.","REGIONAL":"Sul","CODIGO_INEP":51063174.0,"LATITUDE":-15.6388,"LONGITUDE":-55.9801,"LINK1":"https://www.google.com/maps?q=-15.6388,-55.9801","LINK":"https://www.google.com/maps?q=-15.6388,-55.9801","Tipo":null,"Unidade1":null,"Diretor":"-","Coordenador":null,"Secretário":null,"Endereco1":null,"CEP1":null,"Telefone1":null,"Email1":null,"obs":null,"FID_BAIRROS":2081,"NOMES_BAIRROS":"PASCOAL RAMOS","CONTROLE_1":"REGIAO SUL"},"geometry":{"type":"Point","coordinates":[-55.9801,-15.6388]}},
{"type":"Feature","properties":{"OBJECTID":27,"FID_Unidades_Escolares_V2":60,"ITEM":60.0,"UNIDADE":"CMEI ANTONIO BATISTA DA CRUZ","UNIDADE2":"CMEI Antonio Batista da Cruz","EMAIL":"cmei.antoniobatistacruz@sme.cuiaba.mt.gov.br","ENDEREÇO":"RUA F (AVELINO LIMA BARROS), S/N - BAIRRO SAO SEBASTIAO, Cuiabá/MT - CEP: 78098259.","REGIONAL":"Sul","CODIGO_INEP":51068753.0,"LATITUDE":-15.6366,"LONGITUDE":-55.9876,"LINK1":"https://www.google.com/maps?q=-15.6366,-55.9876","LINK":"https://www.google.com/maps?q=-15.6366,-55.9876","Tipo":null,"Unidade1":null,"Diretor":"-","Coordenador":null,"Secretário":null,"Endereco1":null,"CEP1":null,"Telefone1":null,"Email1":null,"obs":null,"FID_BAIRROS":2073,"NOMES_BAIRROS":"SÃO SEBASTIÃO","CONTROLE_1":"REGIAO SUL"},"geometry":{"type":"Point","coordinates":[-55.9876,-15.6366]}},
{"type":"Feature","properties":{"OBJECTID":28,"FID_Unidades_Escolares_V2":141,"ITEM":141.0,"UNIDADE":"EMEB PROFESSOR ZEFERINO LEITE DE OLIVEIRA","UNIDADE2":"EMEB Professor Zeferino Leite de Oliveira","EMAIL":"emeb.zeferino.oliveira@sme.cuiaba.mt.gov.br","ENDEREÇO":"AV NEWTTON RABELO DE CASTRO,S/N - BAIRRO PEDRA 90, Cuiabá/MT - CEP: 78099-005.","REGIONAL":"Sul","CODIGO_INEP":51171805.0,"LATITUDE":-15.636,"LONGITUDE":-55.946,"LINK1":"https://www.google.com/maps?q=-15.636,-55.946","LINK":"https://www.google.com/maps?q=-15.636,-55.946","Tipo":"EMEB","Unidade1":"EMEB Professor Zeferino Leite de Oliveira","Diretor":"Elaine Cristina Thomann da Silva","Coordenador":"Danielle da Silva Roxa; Márcia Regina Souza de Souza","Secretário":"Joseniu Benedito Neves","Endereco1":"Av. Newton Rabelo de Castro S/N, Pedra 90","CEP1":"78099-005","Telefone1":"0","Email1":"escola.zeferino.oliveira@sme.cuiaba.mt.gov.br","obs":null,"FID_BAIRROS":2083,"NOMES_BAIRROS":"PEDRA 90","CONTROLE_1":"REGIAO SUL"},"geometry":{"type":"Point","coordinates":[-55.946,-15.636]}},
{"type":"Feature","properties":{"OBJECTID":29,"FID_Unidades_Escolares_V2":103,"ITEM":103.0,"UNIDADE":"EMEB EUGENIA PEREIRA DE MELLO","UNIDADE2":"EMEB Eugenia Pereira de Mello","EMAIL":"emeb.eugenia.mello@sme.cuiaba.mt.gov.br","ENDEREÇO":"RUA 13 DE MAIO, S/N - BAIRRO VISTA ALEGRE, Cuiabá/MT - CEP: 78015285.","REGIONAL":"Sul","CODIGO_INEP":51040107.0,"LATITUDE":-15.6353,"LONGITUDE":-56.0494,"LINK1":"https://www.google.com/maps?q=-15.6353,-56.0494","LINK":"https://www.google.com/maps?q=-15.6353,-56.0494","Tipo":null,"Unidade1":null,"Diretor":"-","Coordenador":null,"Secretário":null,"Endereco1":null,"CEP1":null,"Telefone1":null,"Email1":null,"obs":null,"FID_BAIRROS":2066,"NOMES_BAIRROS":"VISTA ALEGRE","CONTROLE_1":"REGIAO SUL"},"geometry":{"type":"Point","coordinates":[-56.0494,-15.6353]}},
{"type":"Feature","properties":{"OBJECTID":30,"FID_Unidades_Escolares_V2":76,"ITEM":76.0,"UNIDADE":"CMEI PROFESSORA ADY DE FIGUEIREDO MATTOS","UNIDADE2":"CMEI Professora Ady de Figueiredo Mattos","EMAIL":"cmei.ady.mattos@sme.cuiaba.mt.gov.br","ENDEREÇO":"RUA 35, SN - BAIRRO PEDRA 90, Cuiabá/MT - CEP: 78099175.","REGIONAL":"Sul","CODIGO_INEP":51066874.0,"LATITUDE":-15.6347,"LONGITUDE":-55.9476,"LINK1":"https://www.google.com/maps?q=-15.6347,-55.9476","LINK":"https://www.google.com/maps?q=-15.6347,-55.9476","Tipo":null,"Unidade1":null,"Diretor":"-","Coordenador":null,"Secretário":null,"Endereco1":null,"CEP1":null,"Telefone1":null,"Email1":null,"obs":null,"FID_BAIRROS":2083,"NOMES_BAIRROS":"PEDRA 90","CONTROLE_1":"REGIAO SUL"},"geometry":{"type":"Point","coordinates":[-55.9476,-15.6347]}},
{"type":"Feature","properties":{"OBJECTID":31,"FID_Unidades_Escolares_V2":156,"ITEM":156.0,"UNIDADE":"EMEB SÃO SEBASTIÃO","UNIDADE2":"EMEB São Sebastião","EMAIL":"emeb.sao.sebastiao@sme.cuiaba.mt.gov.br","ENDEREÇO":"RUA SAO GERONIMO, 502 - BAIRRO SAO SEBASTIAO, Cuiabá/MT - CEP: 78098240.","REGIONAL":"Sul","CODIGO_INEP":51040220.0,"LATITUDE":-15.6337,"LONGITUDE":-55.9853,"LINK1":"https://www.google.com/maps?q=-15.6337,-55.9853","LINK":"https://www.google.com/maps?q=-15.6337,-55.9853","Tipo":null,"Unidade1":null,"Diretor":"-","Coordenador":null,"Secretário":null,"Endereco1":null,"CEP1":null,"Telefone1":null,"Email1":null,"obs":null,"FID_BAIRROS":2073,"NOMES_BAIRROS":"SÃO SEBASTIÃO","CONTROLE_1":"REGIAO SUL"},"geometry":{"type":"Point","coordinates":[-55.9853,-15.6337]}},
{"type":"Feature","properties":{"OBJECTID":32,"FID_Unidades_Escolares_V2":51,"ITEM":51.0,"UNIDADE":"CEIC SÃO BENEDITO","UNIDADE2":"CEIC São Benedito","EMAIL":"creche.sao.benedito@sme.cuiaba.mt.gov.br","ENDEREÇO":"AVENIDA TANCREDO NEVES, S/N - BAIRRO SAO SEBASTIAO, Cuiabá/MT - CEP: 78098235.","REGIONAL":"Sul","CODIGO_INEP":51088452.0,"LATITUDE":-15.6335,"LONGITUDE":-55.9845,"LINK1":"https://www.google.com/maps?q=-15.6335,-55.9845","LINK":"https://www.google.com/maps?q=-15.6335,-55.9845","Tipo":null,"Unidade1":null,"Diretor":"-","Coordenador":null,"Secretário":null,"Endereco1":null,"CEP1":null,"Telefone1":null,"Email1":null,"obs":null,"FID_BAIRROS":2073,"NOMES_BAIRROS":"SÃO SEBASTIÃO","CONTROLE_1":"REGIAO SUL"},"geometry":{"type":"Point","coordinates":[-55.9845,-15.6335]}},
{"type":"Feature","properties":{"OBJECTID":33,"FID_Unidades_Escolares_V2":77,"ITEM":77.0,"UNIDADE":"CMEI PROFESSORA JAIRA CUIABANO CORREA DA COSTA","UNIDADE2":"CMEI Professora Jaira Cuiabano Correa da Costa","EMAIL":"cmei.jaira.cuiabana@sme.cuiaba.mt.gov.br","ENDEREÇO":"RUA CINQUENTA E SETE, 07 - BAIRRO PEDRA 90, Cuiabá/MT - CEP: 78099285.","REGIONAL":"Sul","CODIGO_INEP":51067293.0,"LATITUDE":-15.6335,"LONGITUDE":-55.9417,"LINK1":"https://www.google.com/maps?q=-15.6335,-55.9417","LINK":"https://www.google.com/maps?q=-15.6335,-55.9417","Tipo":null,"Unidade1":null,"Diretor":"-","Coordenador":null,"Secretário":null,"Endereco1":null,"CEP1":null,"Telefone1":null,"Email1":null,"obs":null,"FID_BAIRROS":2083,"NOMES_BAIRROS":"PEDRA 90","CONTROLE_1":"REGIAO SUL"},"geometry":{"type":"Point","coordinates":[-55.9417,-15.6335]}},
{"type":"Feature","properties":{"OBJECTID":34,"FID_Unidades_Escolares_V2":52,"ITEM":52.0,"UNIDADE":"CEIC SÃO FRANCISCO DE ASSIS","UNIDADE2":"CEIC São Francisco de Assis","EMAIL":"creche.saofrancisco.deassis@sme.cuiaba.mt.gov.br","ENDEREÇO":"RUA PACAEMBU, 0 - BAIRRO PRAEIRINHO, Cuiabá/MT - CEP: 78070540.","REGIONAL":"Leste","CODIGO_INEP":51066890.0,"LATITUDE":-15.6321,"LONGITUDE":-56.0763,"LINK1":"https://www.google.com/maps?q=-15.6321,-56.0763","LINK":"https://www.google.com/maps?q=-15.6321,-56.0763","Tipo":null,"Unidade1":null,"Diretor":"-","Coordenador":null,"Secretário":null,"Endereco1":null,"CEP1":null,"Telefone1":null,"Email1":null,"obs":null,"FID_BAIRROS":2067,"NOMES_BAIRROS":"PRAEIRINHO","CONTROLE_1":"REGIAO LESTE"},"geometry":{"type":"Point","coordinates":[-56.0763,-15.6321]}},
{"type":"Feature","properties":{"OBJECTID":35,"FID_Unidades_Escolares_V2":99,"ITEM":99.0,"UNIDADE":"EMEB DOM BOSCO DO PRAEIRINHO","UNIDADE2":"EMEB Dom Bosco do Praeirinho","EMAIL":"emeb.bosco.praeirinho@sme.cuiaba.mt.gov.br","ENDEREÇO":"RUA PACAEMBU, S/N - BAIRRO PRAEIRINHO, Cuiabá/MT - CEP: 78070540.","REGIONAL":"Leste","CODIGO_INEP":51060221.0,"LATITUDE":-15.6321,"LONGITUDE":-56.0762,"LINK1":"https://www.google.com/maps?q=-15.6321,-56.0762","LINK":"https://www.google.com/maps?q=-15.6321,-56.0762","Tipo":null,"Unidade1":null,"Diretor":"-","Coordenador":null,"Secretário":null,"Endereco1":null,"CEP1":null,"Telefone1":null,"Email1":null,"obs":null,"FID_BAIRROS":2067,"NOMES_BAIRROS":"PRAEIRINHO","CONTROLE_1":"REGIAO LESTE"},"geometry":{"type":"Point","coordinates":[-56.0762,-15.6321]}},
{"type":"Feature","properties":{"OBJECTID":36,"FID_Unidades_Escolares_V2":15,"ITEM":15.0,"UNIDADE":"CEIC HELENITA PAES DE ASSUNÇÃO","UNIDADE2":"CEIC Helenita Paes de Assunção","EMAIL":"ceic.helenita.assuncao@sme.cuiaba.mt.gov.br","ENDEREÇO":"RUA 228, SN - BAIRRO TIJUCAL, Cuiabá/MT - CEP: 78088202.","REGIONAL":"Sul","CODIGO_INEP":51098601.0,"LATITUDE":-15.6319,"LONGITUDE":-56.0141,"LINK1":"https://www.google.com/maps?q=-15.6319,-56.0141","LINK":"https://www.google.com/maps?q=-15.6319,-56.0141","Tipo":"CEIC","Unidade1":"CEIC Helenita Paes de Assunção","Diretor":"Graziele Correa Duarte","Coordenador":"Carlino de Araújo Netto","Secretário":"0","Endereco1":"R. 228, Casa 46, Q. 68 – Tijucal, Setor II","CEP1":"78088-200","Telefone1":"(65) 3359-8769","Email1":"creche.helenita.assuncao@sme.cuiaba.mt.gov.br","obs":0.0,"FID_BAIRROS":2072,"NOMES_BAIRROS":"TIJUCAL","CONTROLE_1":"REGIAO SUL"},"geometry":{"type":"Point","coordinates":[-56.0141,-15.6319]}},
{"type":"Feature","properties":{"OBJECTID":37,"FID_Unidades_Escolares_V2":126,"ITEM":126.0,"UNIDADE":"EMEB MOACYR GRATIDIANO DORILÊO","UNIDADE2":"EMEB Moacyr Gratidiano Dorilêo","EMAIL":"emeb.moacyr.dorileo@sme.cuiaba.mt.gov.br","ENDEREÇO":"RUA DOS PARDAIS, S/N - BAIRRO PARQUE OHARA, Cuiabá/MT - CEP: 78080370.","REGIONAL":"Sul","CODIGO_INEP":51040174.0,"LATITUDE":-15.6309,"LONGITUDE":-56.0444,"LINK1":"https://www.google.com/maps?q=-15.6309,-56.0444","LINK":"https://www.google.com/maps?q=-15.6309,-56.0444","Tipo":null,"Unidade1":null,"Diretor":"-","Coordenador":null,"Secretário":null,"Endereco1":null,"CEP1":null,"Telefone1":null,"Email1":null,"obs":null,"FID_BAIRROS":2068,"NOMES_BAIRROS":"PARQUE OHARA","CONTROLE_1":"REGIAO SUL"},"geometry":{"type":"Point","coordinates":[-56.0444,-15.6309]}},
{"type":"Feature","properties":{"OBJECTID":38,"FID_Unidades_Escolares_V2":42,"ITEM":42.0,"UNIDADE":"CEIC PROFESSOR RAFAEL RUEDA","UNIDADE2":"CEIC Professor Rafael Rueda","EMAIL":"creche.rafael.rueda@sme.cuiaba.mt.gov.br","ENDEREÇO":"RUA CARUARU, S/N - BAIRRO PEDRA 90, Cuiabá/MT - CEP: 78099000.","REGIONAL":"Sul","CODIGO_INEP":51088576.0,"LATITUDE":-15.6307,"LONGITUDE":-55.9585,"LINK1":"https://www.google.com/maps?q=-15.6307,-55.9585","LINK":"https://www.google.com/maps?q=-15.6307,-55.9585","Tipo":null,"Unidade1":null,"Diretor":"-","Coordenador":null,"Secretário":null,"Endereco1":null,"CEP1":null,"Telefone1":null,"Email1":null,"obs":null,"FID_BAIRROS":2083,"NOMES_BAIRROS":"PEDRA 90","CONTROLE_1":"REGIAO SUL"},"geometry":{"type":"Point","coordinates":[-55.9585,-15.6307]}},
{"type":"Feature","properties":{"OBJECTID":39,"FID_Unidades_Escolares_V2":138,"ITEM":138.0,"UNIDADE":"EMEB PROFESSOR HÉLIO SOUZA VIEIRA","UNIDADE2":"EMEB Professor Hélio Souza Vieira","EMAIL":"emeb.helio.vieira@sme.cuiaba.mt.gov.br","ENDEREÇO":"RUA PARANAPUA, 30 - BAIRRO PRAEIRO, Cuiabá/MT - CEP: 78070300.","REGIONAL":"Leste","CODIGO_INEP":51037025.0,"LATITUDE":-15.6298,"LONGITUDE":-56.0747,"LINK1":"https://www.google.com/maps?q=-15.6298,-56.0747","LINK":"https://www.google.com/maps?q=-15.6298,-56.0747","Tipo":null,"Unidade1":null,"Diretor":"-","Coordenador":null,"Secretário":null,"Endereco1":null,"CEP1":null,"Telefone1":null,"Email1":null,"obs":null,"FID_BAIRROS":2069,"NOMES_BAIRROS":"PRAEIRO","CONTROLE_1":"REGIAO LESTE"},"geometry":{"type":"Point","coordinates":[-56.0747,-15.6298]}},
{"type":"Feature","properties":{"OBJECTID":40,"FID_Unidades_Escolares_V2":1,"ITEM":1.0,"UNIDADE":"CEEI JEAN CARLOS PINHO SANTOS","UNIDADE2":"CEEI Jean Carlos Pinho Santos","EMAIL":"emeb.jean.santos@sme.cuiaba.mt.gov.br","ENDEREÇO":"AVENIDA ALBERTO SANTOS DUMONT, S/N - BAIRRO PEDRA 90, Cuiabá/MT - CEP: 78099138.","REGIONAL":"Sul","CODIGO_INEP":51065614.0,"LATITUDE":-15.6296,"LONGITUDE":-55.9578,"LINK1":"https://www.google.com/maps?q=-15.6296,-55.9578","LINK":"https://www.google.com/maps?q=-15.6296,-55.9578","Tipo":"EMEB","Unidade1":"CEEI JEAN CARLOS PINHO SANTOS","Diretor":"Giselle de Oliveira Prates","Coordenador":"Tábata Mara Fernandes Taveira Lara; Silvana Auxiliadora Januário dos Santos","Secretário":"Daniele Caroline Pereira Rodrigues","Endereco1":"Rua Alberto Santos Dumont, s/n, Bairro Pedra 90","CEP1":"78099-138","Telefone1":"(65) 3616-6840 / (65) 99908-6339 (WhatsApp)","Email1":"cemeijeancarlod@yahoo.com.br","obs":0.0,"FID_BAIRROS":2083,"NOMES_BAIRROS":"PEDRA 90","CONTROLE_1":"REGIAO SUL"},"geometry":{"type":"Point","coordinates":[-55.9578,-15.6296]}},
{"type":"Feature","properties":{"OBJECTID":41,"FID_Unidades_Escolares_V2":66,"ITEM":66.0,"UNIDADE":"CMEI GOVERNADOR JOSE GARCIA NETO","UNIDADE2":"CMEI Governador Jose Garcia Neto","EMAIL":"cmei.garcia.neto@sme.cuiaba.mt.gov.br","ENDEREÇO":"RUA DEZOITO, S/N - BAIRRO LOTEAMENTO SALVADOR COSTA MARQUES, Cuiabá/MT - CEP: 78091352.","REGIONAL":"Sul","CODIGO_INEP":51068133.0,"LATITUDE":-15.6294,"LONGITUDE":-55.9882,"LINK1":"https://www.google.com/maps?q=-15.6294,-55.9882","LINK":"https://www.google.com/maps?q=-15.6294,-55.9882","Tipo":null,"Unidade1":null,"Diretor":"-","Coordenador":null,"Secretário":null,"Endereco1":null,"CEP1":null,"Telefone1":null,"Email1":null,"obs":null,"FID_BAIRROS":2102,"NOMES_BAIRROS":"ZONA DE EXPANSÃO URBANA DO MANDURI","CONTROLE_1":"REGIAO SUL"},"geometry":{"type":"Point","coordinates":[-55.9882,-15.6294]}},
{"type":"Feature","properties":{"OBJECTID":42,"FID_Unidades_Escolares_V2":158,"ITEM":158.0,"UNIDADE":"EMEB SENADOR GASTÃO DE MATOS MULLER","UNIDADE2":"EMEB Senador Gastão de Matos Muller","EMAIL":"emeb.gastao.muller@sme.cuiaba.mt.gov.br","ENDEREÇO":"AVENIDA INTEGRACAO III, S/N - BAIRRO PEDRA 90, Cuiabá/MT - CEP: 78099000.","REGIONAL":"Sul","CODIGO_INEP":51058820.0,"LATITUDE":-15.6286,"LONGITUDE":-55.9533,"LINK1":"https://www.google.com/maps?q=-15.6286,-55.9533","LINK":"https://www.google.com/maps?q=-15.6286,-55.9533","Tipo":null,"Unidade1":null,"Diretor":"-","Coordenador":null,"Secretário":null,"Endereco1":null,"CEP1":null,"Telefone1":null,"Email1":null,"obs":null,"FID_BAIRROS":2083,"NOMES_BAIRROS":"PEDRA 90","CONTROLE_1":"REGIAO SUL"},"geometry":{"type":"Point","coordinates":[-55.9533,-15.6286]}},
{"type":"Feature","properties":{"OBJECTID":43,"FID_Unidades_Escolares_V2":149,"ITEM":149.0,"UNIDADE":"EMEB PROFESSORA MARIA DIMPINA LOBO DUARTE","UNIDADE2":"EMEB Professora Maria Dimpina Lobo Duarte","EMAIL":"emeb.maria.duarte@sme.cuiaba.mt.gov.br","ENDEREÇO":"AVENIDA FERNANDO C DA COSTA, 4695 - BAIRRO COXIPO DA PONTE, Cuiabá/MT - CEP: 78015285.","REGIONAL":"Sul","CODIGO_INEP":51040212.0,"LATITUDE":-15.6281,"LONGITUDE":-56.0539,"LINK1":"https://www.google.com/maps?q=-15.6281,-56.0539","LINK":"https://www.google.com/maps?q=-15.6281,-56.0539","Tipo":null,"Unidade1":null,"Diretor":"-","Coordenador":null,"Secretário":null,"Endereco1":null,"CEP1":null,"Telefone1":null,"Email1":null,"obs":null,"FID_BAIRROS":2082,"NOMES_BAIRROS":"COXIPÓ","CONTROLE_1":"REGIAO SUL"},"geometry":{"type":"Point","coordinates":[-56.0539,-15.6281]}},
{"type":"Feature","properties":{"OBJECTID":44,"FID_Unidades_Escolares_V2":125,"ITEM":125.0,"UNIDADE":"EMEB MINISTRO MARCOS FREIRE","UNIDADE2":"EMEB Ministro Marcos Freire","EMAIL":"emeb.marcos.freire@sme.cuiaba.mt.gov.br","ENDEREÇO":"RUA CARVALHO DOURADOS, S/N - BAIRRO JARDIM DOS IPES, Cuiabá/MT - CEP: 78088590.","REGIONAL":"Sul","CODIGO_INEP":51040166.0,"LATITUDE":-15.6266,"LONGITUDE":-56.0156,"LINK1":"https://www.google.com/maps?q=-15.6266,-56.0156","LINK":"https://www.google.com/maps?q=-15.6266,-56.0156","Tipo":null,"Unidade1":null,"Diretor":"-","Coordenador":null,"Secretário":null,"Endereco1":null,"CEP1":null,"Telefone1":null,"Email1":null,"obs":null,"FID_BAIRROS":2076,"NOMES_BAIRROS":"JARDIM DOS IPÊS","CONTROLE_1":"REGIAO SUL"},"geometry":{"type":"Point","coordinates":[-56.0156,-15.6266]}},
{"type":"Feature","properties":{"OBJECTID":45,"FID_Unidades_Escolares_V2":90,"ITEM":90.0,"UNIDADE":"EMEB ANTONIO FERREIRA VALENTIM","UNIDADE2":"EMEB Antonio Ferreira Valentim","EMAIL":"emeb.antonio.valentim@sme.cuiaba.mt.gov.br","ENDEREÇO":"RUA ANTONIO FERREIRA VALENTIM, 49 - BAIRRO BARBADO, Cuiabá/MT - CEP: 78065781.","REGIONAL":"Leste","CODIGO_INEP":51038820.0,"LATITUDE":-15.6223,"LONGITUDE":-56.0779,"LINK1":"https://www.google.com/maps?q=-15.6223,-56.0779","LINK":"https://www.google.com/maps?q=-15.6223,-56.0779","Tipo":"EMEB","Unidade1":"EMEB Antonio Ferreira Valentim","Diretor":"Anderson de Sousa Santana","Coordenador":"Liliane Cardoso da Silva","Secretário":"Sandra da Silva","Endereco1":"Rua M, nº 49, Barbado","CEP1":"0","Telefone1":"(65) 3359-9978","Email1":"meb.antonio.valentim@sme.cuiaba.mt.gov.br","obs":0.0,"FID_BAIRROS":2077,"NOMES_BAIRROS":"GRANDE TERCEIRO","CONTROLE_1":"REGIAO LESTE"},"geometry":{"type":"Point","coordinates":[-56.0779,-15.6223]}},
{"type":"Feature","properties":{"OBJECTID":46,"FID_Unidades_Escolares_V2":8,"ITEM":8.0,"UNIDADE":"CEIC CLÓVIS DIAS FERREIRA","UNIDADE2":"CEIC Clóvis Dias Ferreira","EMAIL":"ceic.clovis.ferreira@sme.cuiaba.mt.gov.br","ENDEREÇO":"RUA J (LOT VISTA DA CHAPADA), S/N - BAIRRO PEDRA 90, Cuiabá/MT - CEP: 78099039.","REGIONAL":"Sul","CODIGO_INEP":51071681.0,"LATITUDE":-15.622,"LONGITUDE":-55.9537,"LINK1":"https://www.google.com/maps?q=-15.622,-55.9537","LINK":"https://www.google.com/maps?q=-15.622,-55.9537","Tipo":"CEIC","Unidade1":"CEIC Clóvis Dias Ferreira","Diretor":"Marli Carneiro Fernandes da Silva","Coordenador":"Rozenilde Lindolpho","Secretário":"0","Endereco1":"R. J, S/N, Lot. Vista da Chapada – Pedra 90","CEP1":"78099-039","Telefone1":"0","Email1":"ceic.clovis.feereira@sme.cuiaba.mt.gov.br","obs":0.0,"FID_BAIRROS":2083,"NOMES_BAIRROS":"PEDRA 90","CONTROLE_1":"REGIAO SUL"},"geometry":{"type":"Point","coordinates":[-55.9537,-15.622]}},
{"type":"Feature","properties":{"OBJECTID":47,"FID_Unidades_Escolares_V2":54,"ITEM":54.0,"UNIDADE":"CEIC SÃO MATEUS","UNIDADE2":"CEIC São Mateus","EMAIL":"creche.sao.mateus@sme.cuiaba.mt.gov.br","ENDEREÇO":"RUA SAO JORGE, S/N - BAIRRO SAO MATEUS, Cuiabá/MT - CEP: 78015828.","REGIONAL":"Leste","CODIGO_INEP":51066882.0,"LATITUDE":-15.621,"LONGITUDE":-56.0916,"LINK1":"https://www.google.com/maps?q=-15.621,-56.0916","LINK":"https://www.google.com/maps?q=-15.621,-56.0916","Tipo":null,"Unidade1":null,"Diretor":"-","Coordenador":null,"Secretário":null,"Endereco1":null,"CEP1":null,"Telefone1":null,"Email1":null,"obs":null,"FID_BAIRROS":2090,"NOMES_BAIRROS":"DO TERCEIRO","CONTROLE_1":"REGIAO LESTE"},"geometry":{"type":"Point","coordinates":[-56.0916,-15.621]}},
{"type":"Feature","properties":{"OBJECTID":48,"FID_Unidades_Escolares_V2":135,"ITEM":135.0,"UNIDADE":"EMEB PROFESSOR FILOGÔNIO CORREA","UNIDADE2":"EMEB Professor Filogônio Correa","EMAIL":"emeb.filogonio.correa@sme.cuiaba.mt.gov.br","ENDEREÇO":"RUA PRESIDENTE MEDICI, 557 - BAIRRO CAMPO VELHO, Cuiabá/MT - CEP: 78065250.","REGIONAL":"Leste","CODIGO_INEP":51036983.0,"LATITUDE":-15.6188,"LONGITUDE":-56.0821,"LINK1":"https://www.google.com/maps?q=-15.6188,-56.0821","LINK":"https://www.google.com/maps?q=-15.6188,-56.0821","Tipo":null,"Unidade1":null,"Diretor":"-","Coordenador":null,"Secretário":null,"Endereco1":null,"CEP1":null,"Telefone1":null,"Email1":null,"obs":null,"FID_BAIRROS":2086,"NOMES_BAIRROS":"CAMPO VELHO","CONTROLE_1":"REGIAO LESTE"},"geometry":{"type":"Point","coordinates":[-56.0821,-15.6188]}},
{"type":"Feature","properties":{"OBJECTID":49,"FID_Unidades_Escolares_V2":137,"ITEM":137.0,"UNIDADE":"EMEB PROFESSOR FRANCISVAL DE BRITO","UNIDADE2":"EMEB Professor Francisval de Brito","EMAIL":"emeb.francisval.brito@sme.cuiaba.mt.gov.br","ENDEREÇO":"RUA JOAO PAULO DOS SANTOS, S/N - BAIRRO COOPHAMIL, Cuiabá/MT - CEP: 78028165.","REGIONAL":"Oeste","CODIGO_INEP":51038811.0,"LATITUDE":-15.6187,"LONGITUDE":-56.1288,"LINK1":"https://www.google.com/maps?q=-15.6187,-56.1288","LINK":"https://www.google.com/maps?q=-15.6187,-56.1288","Tipo":"EMEB","Unidade1":"EMEB Professor Francisval de Brito","Diretor":"Jeci Santos Pereira de Souza","Coordenador":"Vivian Silva de Sena","Secretário":"José Luiz Pinto da Silva","Endereco1":"Rua João Paulo dos Santos, S/Nº – Bairro: Coophamil","CEP1":"78028-165","Telefone1":"(65) 3364-3395","Email1":"emeb.francisval.brito@sme.cuiaba.mt.gov.br","obs":0.0,"FID_BAIRROS":2088,"NOMES_BAIRROS":"COOPHAMIL","CONTROLE_1":"REGIAO OESTE"},"geometry":{"type":"Point","coordinates":[-56.1288,-15.6187]}},
{"type":"Feature","properties":{"OBJECTID":50,"FID_Unidades_Escolares_V2":22,"ITEM":22.0,"UNIDADE":"CEIC JOSEFA CATARINA DE ALMEIDA","UNIDADE2":"CEIC Josefa Catarina de Almeida","EMAIL":"creche.josefa.almeida@sme.cuiaba.mt.gov.br","ENDEREÇO":"RUA PROFESSORA MARIA MULLER, 51 - BAIRRO CAMPO VELHO, Cuiabá/MT - CEP: 78065270.","REGIONAL":"Leste","CODIGO_INEP":51093928.0,"LATITUDE":-15.6185,"LONGITUDE":-56.0828,"LINK1":"https://www.google.com/maps?q=-15.6185,-56.0828","LINK":"https://www.google.com/maps?q=-15.6185,-56.0828","Tipo":"CEIC","Unidade1":"CEIC Josefa Catarina de Almeida","Diretor":"Josely Auxiliadora da Silva","Coordenador":"Andrea Vicuña","Secretário":"0","Endereco1":"R. Maria Muller, 51 – Campo Velho","CEP1":"78065-315","Telefone1":"(65) 3364-3055","Email1":"creche.josefa.almeida@sme.cuiaba.mt.gov.br","obs":0.0,"FID_BAIRROS":2086,"NOMES_BAIRROS":"CAMPO VELHO","CONTROLE_1":"REGIAO LESTE"},"geometry":{"type":"Point","coordinates":[-56.0828,-15.6185]}},
{"type":"Feature","properties":{"OBJECTID":51,"FID_Unidades_Escolares_V2":150,"ITEM":150.0,"UNIDADE":"EMEB PROFESSORA RITA CALDAS CASTRILLON","UNIDADE2":"EMEB Professora Rita Caldas Castrillon","EMAIL":"emeb.rita.castrillon@sme.cuiaba.mt.gov.br","ENDEREÇO":"RUA PROGRESSO, S/N - BAIRRO SAO BENEDITO, Cuiabá/MT - CEP: 78028000.","REGIONAL":"Oeste","CODIGO_INEP":51037246.0,"LATITUDE":-15.6183,"LONGITUDE":-56.1234,"LINK1":"https://www.google.com/maps?q=-15.6183,-56.1234","LINK":"https://www.google.com/maps?q=-15.6183,-56.1234","Tipo":null,"Unidade1":null,"Diretor":"-","Coordenador":null,"Secretário":null,"Endereco1":null,"CEP1":null,"Telefone1":null,"Email1":null,"obs":null,"FID_BAIRROS":2088,"NOMES_BAIRROS":"COOPHAMIL","CONTROLE_1":"REGIAO OESTE"},"geometry":{"type":"Point","coordinates":[-56.1234,-15.6183]}},
{"type":"Feature","properties":{"OBJECTID":52,"FID_Unidades_Escolares_V2":53,"ITEM":53.0,"UNIDADE":"CEIC SÃO JOSE OPERÁRIO","UNIDADE2":"CEIC São Jose Operário","EMAIL":"creche.jose.operario@sme.cuiaba.mt.gov.br","ENDEREÇO":"RUA PRESIDENTE LEITE FIGUEIREDO, S/N - BAIRRO DOM AQUINO, Cuiabá/MT - CEP: 78015025.","REGIONAL":"Leste","CODIGO_INEP":51063166.0,"LATITUDE":-15.6174,"LONGITUDE":-56.0907,"LINK1":"https://www.google.com/maps?q=-15.6174,-56.0907","LINK":"https://www.google.com/maps?q=-15.6174,-56.0907","Tipo":null,"Unidade1":null,"Diretor":"-","Coordenador":null,"Secretário":null,"Endereco1":null,"CEP1":null,"Telefone1":null,"Email1":null,"obs":null,"FID_BAIRROS":2109,"NOMES_BAIRROS":"DOM AQUINO","CONTROLE_1":"REGIAO LESTE"},"geometry":{"type":"Point","coordinates":[-56.0907,-15.6174]}},
{"type":"Feature","properties":{"OBJECTID":53,"FID_Unidades_Escolares_V2":124,"ITEM":124.0,"UNIDADE":"EMEB MAXIMIANO ARCANJO DA CRUZ","UNIDADE2":"EMEB Maximiano Arcanjo da Cruz","EMAIL":"emeb.maximiano.cruz@sme.cuiaba.mt.gov.br","ENDEREÇO":"RUA PAULISTA, S/N - BAIRRO SANTA LAURA, Cuiabá/MT - CEP: 78065380.","REGIONAL":"Sul","CODIGO_INEP":51040093.0,"LATITUDE":-15.617,"LONGITUDE":-55.9903,"LINK1":"https://www.google.com/maps?q=-15.617,-55.9903","LINK":"https://www.google.com/maps?q=-15.617,-55.9903","Tipo":null,"Unidade1":null,"Diretor":"-","Coordenador":null,"Secretário":null,"Endereco1":null,"CEP1":null,"Telefone1":null,"Email1":null,"obs":null,"FID_BAIRROS":2089,"NOMES_BAIRROS":"SANTA LAURA","CONTROLE_1":"REGIAO SUL"},"geometry":{"type":"Point","coordinates":[-55.9903,-15.617]}},
{"type":"Feature","properties":{"OBJECTID":54,"FID_Unidades_Escolares_V2":17,"ITEM":17.0,"UNIDADE":"CEIC JAMIL BOUTROS NADAF","UNIDADE2":"CEIC Jamil Boutros Nadaf","EMAIL":"creche.jamil.nadaf@sme.cuiaba.mt.gov.br","ENDEREÇO":"RUA PAULISTA, 125 - BAIRRO SANTA LAURA, Cuiabá/MT - CEP: 78093000.","REGIONAL":"Sul","CODIGO_INEP":51094835.0,"LATITUDE":-15.6163,"LONGITUDE":-55.9909,"LINK1":"https://www.google.com/maps?q=-15.6163,-55.9909","LINK":"https://www.google.com/maps?q=-15.6163,-55.9909","Tipo":"CEIC","Unidade1":"CEIC JAMIL BOUTROS NADAF","Diretor":"Eneida Genuza de Moraes","Coordenador":"Kelle Regina de Arruda","Secretário":"0","Endereco1":"R. Paulista, 125 – Santa Laura","CEP1":"78091-150","Telefone1":"0","Email1":"creche.jamil.nadaf@sme.cuiaba.mt.gov.br","obs":0.0,"FID_BAIRROS":2089,"NOMES_BAIRROS":"SANTA LAURA","CONTROLE_1":"REGIAO SUL"},"geometry":{"type":"Point","coordinates":[-55.9909,-15.6163]}},
{"type":"Feature","properties":{"OBJECTID":55,"FID_Unidades_Escolares_V2":24,"ITEM":24.0,"UNIDADE":"CEIC LAIS AMICUCCI SOARES MARTINS","UNIDADE2":"CEIC Lais Amicucci Soares Martins","EMAIL":"creche.lais.martins@sme.cuiaba.mt.gov.br","ENDEREÇO":"RUA DOIS, S/N - BAIRRO NOVO MILENIO, Cuiabá/MT - CEP: 78092003.","REGIONAL":"Sul","CODIGO_INEP":51113805.0,"LATITUDE":-15.6161,"LONGITUDE":-56.008,"LINK1":"https://www.google.com/maps?q=-15.6161,-56.008","LINK":"https://www.google.com/maps?q=-15.6161,-56.008","Tipo":null,"Unidade1":null,"Diretor":"-","Coordenador":null,"Secretário":null,"Endereco1":null,"CEP1":null,"Telefone1":null,"Email1":null,"obs":null,"FID_BAIRROS":2097,"NOMES_BAIRROS":"SÃO JOÃO DEL REY","CONTROLE_1":"REGIAO SUL"},"geometry":{"type":"Point","coordinates":[-56.008,-15.6161]}},
{"type":"Feature","properties":{"OBJECTID":56,"FID_Unidades_Escolares_V2":70,"ITEM":70.0,"UNIDADE":"CMEI LEONEL DE MOURA BRIZOLA","UNIDADE2":"CMEI Leonel de Moura Brizola","EMAIL":"cmei.moura.brizola@sme.cuiaba.mt.gov.br","ENDEREÇO":"AVENIDA UM, SN - BAIRRO LIBERDADE, Cuiabá/MT - CEP: 78091247.","REGIONAL":"Sul","CODIGO_INEP":51065550.0,"LATITUDE":-15.6149,"LONGITUDE":-55.9907,"LINK1":"https://www.google.com/maps?q=-15.6149,-55.9907","LINK":"https://www.google.com/maps?q=-15.6149,-55.9907","Tipo":null,"Unidade1":null,"Diretor":"-","Coordenador":null,"Secretário":null,"Endereco1":null,"CEP1":null,"Telefone1":null,"Email1":null,"obs":null,"FID_BAIRROS":2089,"NOMES_BAIRROS":"SANTA LAURA","CONTROLE_1":"REGIAO SUL"},"geometry":{"type":"Point","coordinates":[-55.9907,-15.6149]}},
{"type":"Feature","properties":{"OBJECTID":57,"FID_Unidades_Escolares_V2":148,"ITEM":148.0,"UNIDADE":"EMEB PROFESSORA LIDIOLÍRIA SANTANA","UNIDADE2":"EMEB Professora Lidiolíria Santana","EMAIL":"emeb.lidioliria.santana@sme.cuiaba.mt.gov.br","ENDEREÇO":"AVENIDA PRINCIPAL, S/N - RESIDENCIAL NICO BARACAT, Cuiabá/MT - CEP: 78091578.","REGIONAL":"Sul","CODIGO_INEP":51073099.0,"LATITUDE":-15.6145,"LONGITUDE":-55.9792,"LINK1":"https://www.google.com/maps?q=-15.6145,-55.9792","LINK":"https://www.google.com/maps?q=-15.6145,-55.9792","Tipo":null,"Unidade1":null,"Diretor":"-","Coordenador":null,"Secretário":null,"Endereco1":null,"CEP1":null,"Telefone1":null,"Email1":null,"obs":null,"FID_BAIRROS":2102,"NOMES_BAIRROS":"ZONA DE EXPANSÃO URBANA DO MANDURI","CONTROLE_1":"REGIAO SUL"},"geometry":{"type":"Point","coordinates":[-55.9792,-15.6145]}},
{"type":"Feature","properties":{"OBJECTID":58,"FID_Unidades_Escolares_V2":120,"ITEM":120.0,"UNIDADE":"EMEB MARIA ELAZIR CORREA DE FIGUEIREDO","UNIDADE2":"EMEB Maria Elazir Correa de Figueiredo","EMAIL":"emeb.maria.figueiredo@sme.cuiaba.mt.gov.br","ENDEREÇO":"AVENIDA CARLOS ADDOR DE SOUZA, S/N - BAIRRO SAO JOAO DEL REY, Cuiabá/MT - CEP: 78093000.","REGIONAL":"Sul","CODIGO_INEP":51037165.0,"LATITUDE":-15.6143,"LONGITUDE":-56.0033,"LINK1":"https://www.google.com/maps?q=-15.6143,-56.0033","LINK":"https://www.google.com/maps?q=-15.6143,-56.0033","Tipo":null,"Unidade1":null,"Diretor":"-","Coordenador":null,"Secretário":null,"Endereco1":null,"CEP1":null,"Telefone1":null,"Email1":null,"obs":null,"FID_BAIRROS":2097,"NOMES_BAIRROS":"SÃO JOÃO DEL REY","CONTROLE_1":"REGIAO SUL"},"geometry":{"type":"Point","coordinates":[-56.0033,-15.6143]}},
{"type":"Feature","properties":{"OBJECTID":59,"FID_Unidades_Escolares_V2":35,"ITEM":35.0,"UNIDADE":"CEIC MARIANA FERNANDES MACEDO","UNIDADE2":"CEIC Mariana Fernandes Macedo","EMAIL":"creche.mariana.macedo@sme.cuiaba.mt.gov.br","ENDEREÇO":"AVENIDA CARMINDO DE CAMPOS, S/N - BAIRRO TERCEIRO, Cuiabá/MT - CEP: 78015020.","REGIONAL":"Leste","CODIGO_INEP":51089696.0,"LATITUDE":-15.6139,"LONGITUDE":-56.0981,"LINK1":"https://www.google.com/maps?q=-15.6139,-56.0981","LINK":"https://www.google.com/maps?q=-15.6139,-56.0981","Tipo":null,"Unidade1":null,"Diretor":"-","Coordenador":null,"Secretário":null,"Endereco1":null,"CEP1":null,"Telefone1":null,"Email1":null,"obs":null,"FID_BAIRROS":2109,"NOMES_BAIRROS":"DOM AQUINO","CONTROLE_1":"REGIAO LESTE"},"geometry":{"type":"Point","coordinates":[-56.0981,-15.6139]}},
{"type":"Feature","properties":{"OBJECTID":60,"FID_Unidades_Escolares_V2":129,"ITEM":129.0,"UNIDADE":"EMEB OSMAR JOSE DO CARMO CABRAL","UNIDADE2":"EMEB Osmar Jose do Carmo Cabral","EMAIL":"emeb.osmar.cabral@sme.cuiaba.mt.gov.br","ENDEREÇO":"RUA 9 QUADRA 21, S/N - BAIRRO OSMAR CABRAL, Cuiabá/MT - CEP: 78015285.","REGIONAL":"Sul","CODIGO_INEP":51040182.0,"LATITUDE":-15.6137,"LONGITUDE":-55.9951,"LINK1":"https://www.google.com/maps?q=-15.6137,-55.9951","LINK":"https://www.google.com/maps?q=-15.6137,-55.9951","Tipo":null,"Unidade1":null,"Diretor":"-","Coordenador":null,"Secretário":null,"Endereco1":null,"CEP1":null,"Telefone1":null,"Email1":null,"obs":null,"FID_BAIRROS":2103,"NOMES_BAIRROS":"OSMAR CABRAL","CONTROLE_1":"REGIAO SUL"},"geometry":{"type":"Point","coordinates":[-55.9951,-15.6137]}},
{"type":"Feature","properties":{"OBJECTID":61,"FID_Unidades_Escolares_V2":30,"ITEM":30.0,"UNIDADE":"CEIC MARIA BENEDITA MARTINS DE OLIVEIRA","UNIDADE2":"CEIC Maria Benedita Martins de Oliveira","EMAIL":"creche.maria.oliveira@sme.cuiaba.mt.gov.br","ENDEREÇO":"RUA PROFESSORA ALMIRA DE MENDONCA, S/N - BAIRRO CIDADE ALTA, Cuiabá/MT - CEP: 78030450.","REGIONAL":"Oeste","CODIGO_INEP":51089653.0,"LATITUDE":-15.6136,"LONGITUDE":-56.1246,"LINK1":"https://www.google.com/maps?q=-15.6136,-56.1246","LINK":"https://www.google.com/maps?q=-15.6136,-56.1246","Tipo":null,"Unidade1":null,"Diretor":"-","Coordenador":null,"Secretário":null,"Endereco1":null,"CEP1":null,"Telefone1":null,"Email1":null,"obs":null,"FID_BAIRROS":2116,"NOMES_BAIRROS":"CIDADE ALTA","CONTROLE_1":"REGIAO OESTE"},"geometry":{"type":"Point","coordinates":[-56.1246,-15.6136]}},
{"type":"Feature","properties":{"OBJECTID":62,"FID_Unidades_Escolares_V2":151,"ITEM":151.0,"UNIDADE":"EMEB PROFESSORA TEREZA LOBO","UNIDADE2":"EMEB Professora Tereza Lobo","EMAIL":"emeb.tereza.lobo@sme.cuiaba.mt.gov.br","ENDEREÇO":"AVENIDA CARMINDO DE CAMPOS, 3622 - BAIRRO DOM AQUINO, Cuiabá/MT - CEP: 78015020.","REGIONAL":"Leste","CODIGO_INEP":51037459.0,"LATITUDE":-15.6133,"LONGITUDE":-56.0992,"LINK1":"https://www.google.com/maps?q=-15.6133,-56.0992","LINK":"https://www.google.com/maps?q=-15.6133,-56.0992","Tipo":null,"Unidade1":null,"Diretor":"-","Coordenador":null,"Secretário":null,"Endereco1":null,"CEP1":null,"Telefone1":null,"Email1":null,"obs":null,"FID_BAIRROS":2109,"NOMES_BAIRROS":"DOM AQUINO","CONTROLE_1":"REGIAO LESTE"},"geometry":{"type":"Point","coordinates":[-56.0992,-15.6133]}},
{"type":"Feature","properties":{"OBJECTID":63,"FID_Unidades_Escolares_V2":155,"ITEM":155.0,"UNIDADE":"EMEB SÃO JOÃO BOSCO","UNIDADE2":"EMEB São João Bosco","EMAIL":"emeb.joao.bosco@sme.cuiaba.mt.gov.br","ENDEREÇO":"RUA PROFESSORA SILVIA CURVO, S/N - BAIRRO CIDADE ALTA, Cuiabá/MT - CEP: 78030440.","REGIONAL":"Oeste","CODIGO_INEP":51037386.0,"LATITUDE":-15.613,"LONGITUDE":-56.1263,"LINK1":"https://www.google.com/maps?q=-15.613,-56.1263","LINK":"https://www.google.com/maps?q=-15.613,-56.1263","Tipo":null,"Unidade1":null,"Diretor":"-","Coordenador":null,"Secretário":null,"Endereco1":null,"CEP1":null,"Telefone1":null,"Email1":null,"obs":null,"FID_BAIRROS":2116,"NOMES_BAIRROS":"CIDADE ALTA","CONTROLE_1":"REGIAO OESTE"},"geometry":{"type":"Point","coordinates":[-56.1263,-15.613]}},
{"type":"Feature","properties":{"OBJECTID":64,"FID_Unidades_Escolares_V2":95,"ITEM":95.0,"UNIDADE":"EMEB CONSTANÇA FIGUEIREDO PALMA BEM BEM","UNIDADE2":"EMEB Constança Figueiredo Palma Bem Bem","EMAIL":"emeb.constanca.palma@sme.cuiaba.mt.gov.br","ENDEREÇO":"RUA 01, S/N - BAIRRO JARDIM FORTALEZA, Cuiabá/MT - CEP: 78090830.","REGIONAL":"Sul","CODIGO_INEP":51036908.0,"LATITUDE":-15.6129,"LONGITUDE":-55.9934,"LINK1":"https://www.google.com/maps?q=-15.6129,-55.9934","LINK":"https://www.google.com/maps?q=-15.6129,-55.9934","Tipo":"EMEB","Unidade1":"EMEB Constança Figueiredo Palma Bem Bem","Diretor":"-","Coordenador":"0","Secretário":"0","Endereco1":"Rua 1, s/nº, Jardim Fortaleza","CEP1":"0","Telefone1":"(65) 3313-3122","Email1":"emeb.constanca.palma@sme.cuiaba.mt.gov.br","obs":null,"FID_BAIRROS":2096,"NOMES_BAIRROS":"JARDIM FORTALEZA","CONTROLE_1":"REGIAO SUL"},"geometry":{"type":"Point","coordinates":[-55.9934,-15.6129]}},
{"type":"Feature","properties":{"OBJECTID":65,"FID_Unidades_Escolares_V2":87,"ITEM":87.0,"UNIDADE":"EMEB ANA LUÍZA PRADO BASTOS","UNIDADE2":"EMEB Ana Luíza Prado Bastos","EMAIL":"emeb.ana.bastos@sme.cuiaba.mt.gov.br","ENDEREÇO":"RUA QUINZE, SN - BAIRRO OSMAR CABRAL, Cuiabá/MT - CEP: 78093563.","REGIONAL":"Sul","CODIGO_INEP":51040468.0,"LATITUDE":-15.6123,"LONGITUDE":-55.9963,"LINK1":"https://www.google.com/maps?q=-15.6123,-55.9963","LINK":"https://www.google.com/maps?q=-15.6123,-55.9963","Tipo":"EMEB","Unidade1":"EMEB Ana Luíza Prado Bastos","Diretor":"Antonio Paulo Pereira da Silva","Coordenador":"Sabrine Aparecida Oliveira de Almeida Guassu","Secretário":"Jully Criss de Morais Oliveira","Endereco1":"Rua 15, Quadra 12, s/nº, Bairro Osmar Cabral","CEP1":"0","Telefone1":"(65) 99307-1983","Email1":"emeb.onofre.oliveira@sme.cuiaba.mt.gov.br","obs":null,"FID_BAIRROS":2103,"NOMES_BAIRROS":"OSMAR CABRAL","CONTROLE_1":"REGIAO SUL"},"geometry":{"type":"Point","coordinates":[-55.9963,-15.6123]}},
{"type":"Feature","properties":{"OBJECTID":66,"FID_Unidades_Escolares_V2":9,"ITEM":9.0,"UNIDADE":"CEIC COLOMBA CACÉLIA LOMBARDI DORILEO","UNIDADE2":"CEIC Colomba Cacélia Lombardi Dorileo","EMAIL":"creche.colomba.dorileo@sme.cuiaba.mt.gov.br","ENDEREÇO":"RUA 1900, S/N - BAIRRO JARDIM IMPERIAL, Cuiabá/MT - CEP: 78005000.","REGIONAL":"Leste","CODIGO_INEP":51093014.0,"LATITUDE":-15.6113,"LONGITUDE":-56.0261,"LINK1":"https://www.google.com/maps?q=-15.6113,-56.0261","LINK":"https://www.google.com/maps?q=-15.6113,-56.0261","Tipo":"CEIC","Unidade1":"CEIC Colomba Cacélia Lombardi Dorileo","Diretor":"Wilma Oliveira Aguiar","Coordenador":"Franciele Martins de Souza Costa","Secretário":"0","Endereco1":"R. 1900, Q. 30, S/N – Jardim Imperial","CEP1":"78075-820","Telefone1":"(65) 3364-3922","Email1":"creche.colomba.dorileo@sme.cuiaba.mt.gov.br","obs":0.0,"FID_BAIRROS":2105,"NOMES_BAIRROS":"JARDIM IMPERIAL","CONTROLE_1":"REGIAO LESTE"},"geometry":{"type":"Point","coordinates":[-56.0261,-15.6113]}},
{"type":"Feature","properties":{"OBJECTID":67,"FID_Unidades_Escolares_V2":118,"ITEM":118.0,"UNIDADE":"EMEB MARIA AMBRÓSIO POMMOT","UNIDADE2":"EMEB Maria Ambrósio Pommot","EMAIL":"emeb.maria.pommot@sme.cuiaba.mt.gov.br","ENDEREÇO":"RUA 1900 QUADRA 30, S/N - BAIRRO JARDIM IMPERIAL, Cuiabá/MT - CEP: 78090000.","REGIONAL":"Leste","CODIGO_INEP":51037149.0,"LATITUDE":-15.6107,"LONGITUDE":-56.0264,"LINK1":"https://www.google.com/maps?q=-15.6107,-56.0264","LINK":"https://www.google.com/maps?q=-15.6107,-56.0264","Tipo":null,"Unidade1":null,"Diretor":"-","Coordenador":null,"Secretário":null,"Endereco1":null,"CEP1":null,"Telefone1":null,"Email1":null,"obs":null,"FID_BAIRROS":2105,"NOMES_BAIRROS":"JARDIM IMPERIAL","CONTROLE_1":"REGIAO LESTE"},"geometry":{"type":"Point","coordinates":[-56.0264,-15.6107]}},
{"type":"Feature","properties":{"OBJECTID":68,"FID_Unidades_Escolares_V2":154,"ITEM":154.0,"UNIDADE":"EMEB SANTA CECÍLIA","UNIDADE2":"EMEB Santa Cecília","EMAIL":"emeb.santa.cecilia@sme.cuiaba.mt.gov.br","ENDEREÇO":"RUA CAPITAO IPORA, 162 - BAIRRO PICO DO AMOR, Cuiabá/MT - CEP: 78065090.","REGIONAL":"Leste","CODIGO_INEP":51037378.0,"LATITUDE":-15.6101,"LONGITUDE":-56.0808,"LINK1":"https://www.google.com/maps?q=-15.6101,-56.0808","LINK":"https://www.google.com/maps?q=-15.6101,-56.0808","Tipo":null,"Unidade1":null,"Diretor":"-","Coordenador":null,"Secretário":null,"Endereco1":null,"CEP1":null,"Telefone1":null,"Email1":null,"obs":null,"FID_BAIRROS":2098,"NOMES_BAIRROS":"PICO DO AMOR","CONTROLE_1":"REGIAO LESTE"},"geometry":{"type":"Point","coordinates":[-56.0808,-15.6101]}},
{"type":"Feature","properties":{"OBJECTID":69,"FID_Unidades_Escolares_V2":71,"ITEM":71.0,"UNIDADE":"CMEI MANOEL DE BARROS","UNIDADE2":"CMEI Manoel de Barros","EMAIL":"cmei.manoel.barros@sme.cuiaba.mt.gov.br","ENDEREÇO":"RUA MIL E SEISCENTOS, S/N - BAIRRO JARDIM IMPERIAL, Cuiabá/MT - CEP: 78075790.","REGIONAL":"Leste","CODIGO_INEP":51068095.0,"LATITUDE":-15.6093,"LONGITUDE":-56.0245,"LINK1":"https://www.google.com/maps?q=-15.6093,-56.0245","LINK":"https://www.google.com/maps?q=-15.6093,-56.0245","Tipo":null,"Unidade1":null,"Diretor":"-","Coordenador":null,"Secretário":null,"Endereco1":null,"CEP1":null,"Telefone1":null,"Email1":null,"obs":null,"FID_BAIRROS":2156,"NOMES_BAIRROS":"ÁREAS DE EXPANSÃO URBANA - REGIÃO LESTE","CONTROLE_1":"REGIAO LESTE"},"geometry":{"type":"Point","coordinates":[-56.0245,-15.6093]}},
{"type":"Feature","properties":{"OBJECTID":70,"FID_Unidades_Escolares_V2":133,"ITEM":133.0,"UNIDADE":"EMEB PROFESSOR CARLOS ALBERTO REYES MALDONADO","UNIDADE2":"EMEB Professor Carlos Alberto Reyes Maldonado","EMAIL":"emeb.carlos.maldonado@sme.cuiaba.mt.gov.br","ENDEREÇO":"RUA MIL E SEISCENTOS, S/N - BAIRRO JARDIM IMPERIAL, Cuiabá/MT - CEP: 78075790.","REGIONAL":"Leste","CODIGO_INEP":51068141.0,"LATITUDE":-15.609,"LONGITUDE":-56.0242,"LINK1":"https://www.google.com/maps?q=-15.609,-56.0242","LINK":"https://www.google.com/maps?q=-15.609,-56.0242","Tipo":"EMEB","Unidade1":"EMEB Professor Carlos Alberto Reyes Maldonado","Diretor":"Simone de Fátima Arantes","Coordenador":"Fabiana Isoton","Secretário":"Eliandra Aparecida Santos Souza Rosa","Endereco1":"Rua 1600, S/N - Jardim Imperial, Cuiabá/MT","CEP1":"0","Telefone1":"(65) 3359-9372","Email1":"emeb.carlos.maldonado@sme.cuiaba.mt.gov.br","obs":0.0,"FID_BAIRROS":2156,"NOMES_BAIRROS":"ÁREAS DE EXPANSÃO URBANA - REGIÃO LESTE","CONTROLE_1":"REGIAO LESTE"},"geometry":{"type":"Point","coordinates":[-56.0242,-15.609]}},
{"type":"Feature","properties":{"OBJECTID":71,"FID_Unidades_Escolares_V2":50,"ITEM":50.0,"UNIDADE":"CEIC SANTA INES - POÇÃO","UNIDADE2":"CEIC Santa Ines - Poção","EMAIL":"creche.santa.pocao@sme.cuiaba.mt.gov.br","ENDEREÇO":"RUA GENERAL MELO, 1045 - BAIRRO POCAO, Cuiabá/MT - CEP: 78005000.","REGIONAL":"Leste","CODIGO_INEP":51063093.0,"LATITUDE":-15.6089,"LONGITUDE":-56.0875,"LINK1":"https://www.google.com/maps?q=-15.6089,-56.0875","LINK":"https://www.google.com/maps?q=-15.6089,-56.0875","Tipo":null,"Unidade1":null,"Diretor":"-","Coordenador":null,"Secretário":null,"Endereco1":null,"CEP1":null,"Telefone1":null,"Email1":null,"obs":null,"FID_BAIRROS":2108,"NOMES_BAIRROS":"DO POÇÃO","CONTROLE_1":"REGIAO LESTE"},"geometry":{"type":"Point","coordinates":[-56.0875,-15.6089]}},
{"type":"Feature","properties":{"OBJECTID":72,"FID_Unidades_Escolares_V2":115,"ITEM":115.0,"UNIDADE":"EMEB LIBERDADE","UNIDADE2":"EMEB Liberdade","EMAIL":"emeb.liberdade@sme.cuiaba.mt.gov.br","ENDEREÇO":"RUA UM, SN - BAIRRO OSMAR CABRAL, Cuiabá/MT - CEP: 78093680.","REGIONAL":"Sul","CODIGO_INEP":51089734.0,"LATITUDE":-15.6084,"LONGITUDE":-55.9953,"LINK1":"https://www.google.com/maps?q=-15.6084,-55.9953","LINK":"https://www.google.com/maps?q=-15.6084,-55.9953","Tipo":"EMEB","Unidade1":"EMEB Liberdade","Diretor":"Laura Aparecida Santana da Costa","Coordenador":"Marcilene Rodrigues Guimarães","Secretário":"Hueder Marcos de Almeida","Endereco1":"Rua UM 01, s/n – Bairro Osmar Cabral","CEP1":"0","Telefone1":"(65) 3313-3125","Email1":"emeb.liberdade@sme.cuiaba.mt.gov.br","obs":0.0,"FID_BAIRROS":2103,"NOMES_BAIRROS":"OSMAR CABRAL","CONTROLE_1":"REGIAO SUL"},"geometry":{"type":"Point","coordinates":[-55.9953,-15.6084]}},
{"type":"Feature","properties":{"OBJECTID":73,"FID_Unidades_Escolares_V2":34,"ITEM":34.0,"UNIDADE":"CEIC MARIA NERY BATISTA RIBEIRO","UNIDADE2":"CEIC Maria Nery Batista Ribeiro","EMAIL":"creche.maria.ribeiro@sme.cuiaba.mt.gov.br","ENDEREÇO":"RUA 01, S/N - BAIRRO OSMA CABRAL, Cuiabá/MT - CEP: 78005000.","REGIONAL":"Sul","CODIGO_INEP":51091186.0,"LATITUDE":-15.6083,"LONGITUDE":-55.9944,"LINK1":"https://www.google.com/maps?q=-15.6083,-55.9944","LINK":"https://www.google.com/maps?q=-15.6083,-55.9944","Tipo":null,"Unidade1":null,"Diretor":"-","Coordenador":null,"Secretário":null,"Endereco1":null,"CEP1":null,"Telefone1":null,"Email1":null,"obs":null,"FID_BAIRROS":2103,"NOMES_BAIRROS":"OSMAR CABRAL","CONTROLE_1":"REGIAO SUL"},"geometry":{"type":"Point","coordinates":[-55.9944,-15.6083]}},
{"type":"Feature","properties":{"OBJECTID":74,"FID_Unidades_Escolares_V2":86,"ITEM":86.0,"UNIDADE":"EMEB AGOSTINHO SIMPLICIO DE FIGUEIREDO","UNIDADE2":"EMEB Agostinho Simplicio de Figueiredo","EMAIL":"emeb.agostinho.figueiredo@sme.cuiaba.mt.gov.br","ENDEREÇO":"RUA AMARILIO DE ALMEIDA, 828 - BAIRRO POCAO, Cuiabá/MT - CEP: 78015800.","REGIONAL":"Leste","CODIGO_INEP":51038498.0,"LATITUDE":-15.6073,"LONGITUDE":-56.0861,"LINK1":"https://www.google.com/maps?q=-15.6073,-56.0861","LINK":"https://www.google.com/maps?q=-15.6073,-56.0861","Tipo":null,"Unidade1":null,"Diretor":"-","Coordenador":null,"Secretário":null,"Endereco1":null,"CEP1":null,"Telefone1":null,"Email1":null,"obs":null,"FID_BAIRROS":2108,"NOMES_BAIRROS":"DO POÇÃO","CONTROLE_1":"REGIAO LESTE"},"geometry":{"type":"Point","coordinates":[-56.0861,-15.6073]}},
{"type":"Feature","properties":{"OBJECTID":75,"FID_Unidades_Escolares_V2":81,"ITEM":81.0,"UNIDADE":"CMEI VEREADOR JULIO CÉZAR PINHEIRO","UNIDADE2":"CMEI Vereador Julio Cézar Pinheiro","EMAIL":"cmei.julio.pinheiro@sme.cuiaba.mt.gov.br","ENDEREÇO":"AREA RURAL, S/N - BAIRRO AREA RURAL DE CUIABA, Cuiabá/MT - CEP: 78099899.","REGIONAL":"Sul","CODIGO_INEP":51068761.0,"LATITUDE":-15.6054,"LONGITUDE":-55.9841,"LINK1":"https://www.google.com/maps?q=-15.6054,-55.9841","LINK":"https://www.google.com/maps?q=-15.6054,-55.9841","Tipo":null,"Unidade1":null,"Diretor":"-","Coordenador":null,"Secretário":null,"Endereco1":null,"CEP1":null,"Telefone1":null,"Email1":null,"obs":null,"FID_BAIRROS":2102,"NOMES_BAIRROS":"ZONA DE EXPANSÃO URBANA DO MANDURI","CONTROLE_1":"REGIAO SUL"},"geometry":{"type":"Point","coordinates":[-55.9841,-15.6054]}},
{"type":"Feature","properties":{"OBJECTID":76,"FID_Unidades_Escolares_V2":21,"ITEM":21.0,"UNIDADE":"CEIC JOSÉ NICOLAU PINTO","UNIDADE2":"CEIC José Nicolau Pinto","EMAIL":"creche.embriao.pinto@sme.cuiaba.mt.gov.br","ENDEREÇO":"Rua Manoel Cavalcante Proença, s/n - Goiabeiras, Cuiabá - MT, 78032-145","REGIONAL":"Oeste","CODIGO_INEP":51063190.0,"LATITUDE":-15.604091,"LONGITUDE":-56.109661,"LINK1":"https://www.google.com/maps?q=-15.604091,-56.109661","LINK":"https://www.google.com/maps?q=-15.604091,-56.109661","Tipo":null,"Unidade1":null,"Diretor":"-","Coordenador":null,"Secretário":null,"Endereco1":null,"CEP1":null,"Telefone1":null,"Email1":null,"obs":null,"FID_BAIRROS":2117,"NOMES_BAIRROS":"DA GOIABEIRA","CONTROLE_1":"REGIAO OESTE"},"geometry":{"type":"Point","coordinates":[-56.109661,-15.604091]}},
{"type":"Feature","properties":{"OBJECTID":77,"FID_Unidades_Escolares_V2":85,"ITEM":85.0,"UNIDADE":"EMEB ADELINA PEREIRA VENTURA","UNIDADE2":"EMEB Adelina Pereira Ventura","EMAIL":"emeb.adelina.ventura@sme.cuiaba.mt.gov.br","ENDEREÇO":"RUA PADRE ROLIM, S/N - BAIRRO JARDIM INDEPENDENCIA, Cuiabá/MT - CEP: 78030275.","REGIONAL":"Oeste","CODIGO_INEP":51036800.0,"LATITUDE":-15.6039,"LONGITUDE":-56.1143,"LINK1":"https://www.google.com/maps?q=-15.6039,-56.1143","LINK":"https://www.google.com/maps?q=-15.6039,-56.1143","Tipo":"EMEB","Unidade1":"EMEB Adelina Pereira Ventura","Diretor":"Iracema das Dores da Silva","Coordenador":"Joliany Eloiza de Arruda Machado","Secretário":"Antonio Benedito de Oliveira Ramos","Endereco1":"Rua Padre Rolim, s/nº, Jardim Independência","CEP1":"0","Telefone1":"(65) 3364-3372","Email1":"emeb.adelina.ventura@sme.cuiaba.mt.gov.br","obs":0.0,"FID_BAIRROS":2116,"NOMES_BAIRROS":"CIDADE ALTA","CONTROLE_1":"REGIAO OESTE"},"geometry":{"type":"Point","coordinates":[-56.1143,-15.6039]}},
{"type":"Feature","properties":{"OBJECTID":78,"FID_Unidades_Escolares_V2":63,"ITEM":63.0,"UNIDADE":"CMEI CORONEL JOSÉ MEIRELLES","UNIDADE2":"CMEI Coronel José Meirelles","EMAIL":"cmei.meirelles@sme.cuiaba.mt.gov.br","ENDEREÇO":"RUA MARACANA (JD GUANABARA), S/N - BAIRRO AREAO, Cuiabá/MT - CEP: 78010680.","REGIONAL":"Leste","CODIGO_INEP":51066904.0,"LATITUDE":-15.6025,"LONGITUDE":-56.0842,"LINK1":"https://www.google.com/maps?q=-15.6025,-56.0842","LINK":"https://www.google.com/maps?q=-15.6025,-56.0842","Tipo":null,"Unidade1":null,"Diretor":"-","Coordenador":null,"Secretário":null,"Endereco1":null,"CEP1":null,"Telefone1":null,"Email1":null,"obs":null,"FID_BAIRROS":2114,"NOMES_BAIRROS":"DO AREÃO","CONTROLE_1":"REGIAO LESTE"},"geometry":{"type":"Point","coordinates":[-56.0842,-15.6025]}},
{"type":"Feature","properties":{"OBJECTID":79,"FID_Unidades_Escolares_V2":26,"ITEM":26.0,"UNIDADE":"CEIC LUCILA FERREIRA FORTES","UNIDADE2":"CEIC Lucila Ferreira Fortes","EMAIL":"creche.lucila.fortes@sme.cuiaba.mt.gov.br","ENDEREÇO":"RUA DESEMBARGADOR ANTONIO QUIRINO DE ARAUJO, 457 - BAIRRO AREAO, Cuiabá/MT - CEP: 78010318.","REGIONAL":"Leste","CODIGO_INEP":51063085.0,"LATITUDE":-15.6023,"LONGITUDE":-56.0832,"LINK1":"https://www.google.com/maps?q=-15.6023,-56.0832","LINK":"https://www.google.com/maps?q=-15.6023,-56.0832","Tipo":null,"Unidade1":null,"Diretor":"-","Coordenador":null,"Secretário":null,"Endereco1":null,"CEP1":null,"Telefone1":null,"Email1":null,"obs":null,"FID_BAIRROS":2114,"NOMES_BAIRROS":"DO AREÃO","CONTROLE_1":"REGIAO LESTE"},"geometry":{"type":"Point","coordinates":[-56.0832,-15.6023]}},
{"type":"Feature","properties":{"OBJECTID":80,"FID_Unidades_Escolares_V2":142,"ITEM":142.0,"UNIDADE":"EMEB PROFESSORA ALZIRA VALLADARES","UNIDADE2":"EMEB Professora Alzira Valladares","EMAIL":"emeb.alzira.valladares@sme.cuiaba.mt.gov.br","ENDEREÇO":"AVENIDA BRASIL ESQ. C/SENADOR METELLO, 883 - BAIRRO JARDIM CUIABA, Cuiabá/MT - CEP: 78030220.","REGIONAL":"Oeste","CODIGO_INEP":51037297.0,"LATITUDE":-15.6016,"LONGITUDE":-56.1136,"LINK1":"https://www.google.com/maps?q=-15.6016,-56.1136","LINK":"https://www.google.com/maps?q=-15.6016,-56.1136","Tipo":null,"Unidade1":null,"Diretor":"-","Coordenador":null,"Secretário":null,"Endereco1":null,"CEP1":null,"Telefone1":null,"Email1":null,"obs":null,"FID_BAIRROS":2117,"NOMES_BAIRROS":"DA GOIABEIRA","CONTROLE_1":"REGIAO OESTE"},"geometry":{"type":"Point","coordinates":[-56.1136,-15.6016]}},
{"type":"Feature","properties":{"OBJECTID":81,"FID_Unidades_Escolares_V2":107,"ITEM":107.0,"UNIDADE":"EMEB HENRIQUE DA SILVA PRADO","UNIDADE2":"EMEB Henrique da Silva Prado","EMAIL":"emeb.henrique.prado@sme.cuiaba.mt.gov.br","ENDEREÇO":"RUA CASTRO ALVES, 400 - BAIRRO AREAO, Cuiabá/MT - CEP: 78010260.","REGIONAL":"Leste","CODIGO_INEP":51037033.0,"LATITUDE":-15.6015,"LONGITUDE":-56.0837,"LINK1":"https://www.google.com/maps?q=-15.6015,-56.0837","LINK":"https://www.google.com/maps?q=-15.6015,-56.0837","Tipo":"EMEB","Unidade1":"EMEB Henrique da Silva Prado","Diretor":"Samyra Caneppa de Oliveira","Coordenador":"Rozangela Gonçalves Coelho","Secretário":"Valeria Regina da Silva","Endereco1":"Rua Castro Alves, 400, Bairro Areão","CEP1":"0","Telefone1":"(65) 3025-7800","Email1":"emeb.henrique.prado@sme.cuiaba.mt.gov.br","obs":0.0,"FID_BAIRROS":2114,"NOMES_BAIRROS":"DO AREÃO","CONTROLE_1":"REGIAO LESTE"},"geometry":{"type":"Point","coordinates":[-56.0837,-15.6015]}},
{"type":"Feature","properties":{"OBJECTID":82,"FID_Unidades_Escolares_V2":48,"ITEM":48.0,"UNIDADE":"CEIC SANTA CLARA","UNIDADE2":"CEIC Santa Clara","EMAIL":"creche.santa.clara@sme.cuiaba.mt.gov.br","ENDEREÇO":"RUA NOVA, 375 - BAIRRO JARDIM LEBLON, Cuiabá/MT - CEP: 78060011.","REGIONAL":"Leste","CODIGO_INEP":51063158.0,"LATITUDE":-15.6004,"LONGITUDE":-56.073,"LINK1":"https://www.google.com/maps?q=-15.6004,-56.073","LINK":"https://www.google.com/maps?q=-15.6004,-56.073","Tipo":null,"Unidade1":null,"Diretor":"-","Coordenador":null,"Secretário":null,"Endereco1":null,"CEP1":null,"Telefone1":null,"Email1":null,"obs":null,"FID_BAIRROS":2119,"NOMES_BAIRROS":"JARDIM LEBLON","CONTROLE_1":"REGIAO LESTE"},"geometry":{"type":"Point","coordinates":[-56.073,-15.6004]}},
{"type":"Feature","properties":{"OBJECTID":83,"FID_Unidades_Escolares_V2":140,"ITEM":140.0,"UNIDADE":"EMEB PROFESSOR RANULPHO PAES DE BARROS","UNIDADE2":"EMEB Professor Ranulpho Paes de Barros","EMAIL":"emeb.ranulpho.barros@sme.cuiaba.mt.gov.br","ENDEREÇO":"RUA CELSO MENDES QUINTELA, S/N - BAIRRO SANTA ISABEL, Cuiabá/MT - CEP: 78035030.","REGIONAL":"Oeste","CODIGO_INEP":51037343.0,"LATITUDE":-15.5994,"LONGITUDE":-56.1337,"LINK1":"https://www.google.com/maps?q=-15.5994,-56.1337","LINK":"https://www.google.com/maps?q=-15.5994,-56.1337","Tipo":"EMEB","Unidade1":"EMEB Professor Ranulpho Paes de Barros","Diretor":"Adriana Leonina Ferreira","Coordenador":"Maremiler de Freitas Simi; Junia da Silva Cruz","Secretário":"Robson Willian Barbosa da Silva","Endereco1":"Rua Dep. Celso Mendes Quintela – Jd. Santa Isabel","CEP1":"78035-030","Telefone1":"(65) 3021-1400","Email1":"emeb.ranulpho.barros@sme.cuiaba.mt.gov.br","obs":0.0,"FID_BAIRROS":2112,"NOMES_BAIRROS":"JARDIM SANTA ISABEL","CONTROLE_1":"REGIAO OESTE"},"geometry":{"type":"Point","coordinates":[-56.1337,-15.5994]}},
{"type":"Feature","properties":{"OBJECTID":84,"FID_Unidades_Escolares_V2":55,"ITEM":55.0,"UNIDADE":"CEIC SEBASTIÃO TOLOMEU","UNIDADE2":"CEIC Sebastião Tolomeu","EMAIL":"creche.sebastiao.tolomeu@sme.cuiaba.mt.gov.br","ENDEREÇO":"RUA CLARA NUNES, 200 - BAIRRO JD. SANTA ISABEL, Cuiabá/MT - CEP: 78035120.","REGIONAL":"Oeste","CODIGO_INEP":51093936.0,"LATITUDE":-15.5989,"LONGITUDE":-56.1322,"LINK1":"https://www.google.com/maps?q=-15.5989,-56.1322","LINK":"https://www.google.com/maps?q=-15.5989,-56.1322","Tipo":null,"Unidade1":null,"Diretor":"-","Coordenador":null,"Secretário":null,"Endereco1":null,"CEP1":null,"Telefone1":null,"Email1":null,"obs":null,"FID_BAIRROS":2112,"NOMES_BAIRROS":"JARDIM SANTA ISABEL","CONTROLE_1":"REGIAO OESTE"},"geometry":{"type":"Point","coordinates":[-56.1322,-15.5989]}},
{"type":"Feature","properties":{"OBJECTID":85,"FID_Unidades_Escolares_V2":101,"ITEM":101.0,"UNIDADE":"EMEB DOUTOR ORLANDO NIGRO","UNIDADE2":"EMEB Doutor Orlando Nigro","EMAIL":"emeb.orlando.nigro@sme.cuiaba.mt.gov.br","ENDEREÇO":"RUA MAMORE, 229 - BAIRRO SANTO ANTONIO DO PEDREGAL, Cuiabá/MT - CEP: 78060440.","REGIONAL":"Leste","CODIGO_INEP":51039320.0,"LATITUDE":-15.5989,"LONGITUDE":-56.07,"LINK1":"https://www.google.com/maps?q=-15.5989,-56.07","LINK":"https://www.google.com/maps?q=-15.5989,-56.07","Tipo":null,"Unidade1":null,"Diretor":"-","Coordenador":null,"Secretário":null,"Endereco1":null,"CEP1":null,"Telefone1":null,"Email1":null,"obs":null,"FID_BAIRROS":2118,"NOMES_BAIRROS":"PEDREGAL","CONTROLE_1":"REGIAO LESTE"},"geometry":{"type":"Point","coordinates":[-56.07,-15.5989]}},
{"type":"Feature","properties":{"OBJECTID":86,"FID_Unidades_Escolares_V2":121,"ITEM":121.0,"UNIDADE":"EMEB MARIA EUNICE DUARTE DE BARROS","UNIDADE2":"EMEB Maria Eunice Duarte de Barros","EMAIL":"emeb.eunice.barros@sme.cuiaba.mt.gov.br","ENDEREÇO":"RUA DR CELSO MENDES QUINTELA, 356 - BAIRRO JD SANTA ISABEL, Cuiabá/MT - CEP: 78035030.","REGIONAL":"Oeste","CODIGO_INEP":51037173.0,"LATITUDE":-15.5988,"LONGITUDE":-56.1329,"LINK1":"https://www.google.com/maps?q=-15.5988,-56.1329","LINK":"https://www.google.com/maps?q=-15.5988,-56.1329","Tipo":null,"Unidade1":null,"Diretor":"-","Coordenador":null,"Secretário":null,"Endereco1":null,"CEP1":null,"Telefone1":null,"Email1":null,"obs":null,"FID_BAIRROS":2112,"NOMES_BAIRROS":"JARDIM SANTA ISABEL","CONTROLE_1":"REGIAO OESTE"},"geometry":{"type":"Point","coordinates":[-56.1329,-15.5988]}},
{"type":"Feature","properties":{"OBJECTID":87,"FID_Unidades_Escolares_V2":59,"ITEM":59.0,"UNIDADE":"CMEI ALIANE FÁTIMA RODRIGUES MONTEIRO","UNIDADE2":"CMEI Aliane Fátima Rodrigues Monteiro","EMAIL":"cmei.aliane.fatima@sme.cuiaba.mt.gov.br","ENDEREÇO":"RUA G (RES ALICE NOVACK), S/N - BAIRRO PASCOAL RAMOS, Cuiabá/MT - CEP: 78098184.","REGIONAL":"Sul","CODIGO_INEP":51068125.0,"LATITUDE":-15.5988,"LONGITUDE":-56.0947,"LINK1":"https://www.google.com/maps?q=-15.5988,-56.0947","LINK":"https://www.google.com/maps?q=-15.5988,-56.0947","Tipo":null,"Unidade1":null,"Diretor":"-","Coordenador":null,"Secretário":null,"Endereco1":null,"CEP1":null,"Telefone1":null,"Email1":null,"obs":null,"FID_BAIRROS":2113,"NOMES_BAIRROS":"DOS BANDEIRANTES","CONTROLE_1":"REGIAO LESTE"},"geometry":{"type":"Point","coordinates":[-56.0947,-15.5988]}},
{"type":"Feature","properties":{"OBJECTID":88,"FID_Unidades_Escolares_V2":6,"ITEM":6.0,"UNIDADE":"CEIC BENEDITA DIAS EVANGELISTA","UNIDADE2":"CEIC Benedita Dias Evangelista","EMAIL":"creche.benedita.evangelista@sme.cuiaba.mt.gov.br","ENDEREÇO":"RUA PAZ, S/N - BAIRRO PEDREGAL, Cuiabá/MT - CEP: 78060538.","REGIONAL":"Leste","CODIGO_INEP":51093022.0,"LATITUDE":-15.5986,"LONGITUDE":-56.0692,"LINK1":"https://www.google.com/maps?q=-15.5986,-56.0692","LINK":"https://www.google.com/maps?q=-15.5986,-56.0692","Tipo":"CEIC","Unidade1":"CEIC Benedita Dias Evangelista","Diretor":"Catia Maria de Almeida Tavares","Coordenador":"Jucilene Campos de Almeida Silva","Secretário":"0","Endereco1":"R. da Paz, S/N – Santo Antônio/Pedregal","CEP1":"78060-538","Telefone1":"(65) 3616-9337","Email1":"creche.benedita.evangelista@sme.cuiaba.mt.gov.br","obs":0.0,"FID_BAIRROS":2118,"NOMES_BAIRROS":"PEDREGAL","CONTROLE_1":"REGIAO LESTE"},"geometry":{"type":"Point","coordinates":[-56.0692,-15.5986]}},
{"type":"Feature","properties":{"OBJECTID":89,"FID_Unidades_Escolares_V2":44,"ITEM":44.0,"UNIDADE":"CEIC PROFESSORA MONSERAT ISMÊNIA DE MORAES BORGES","UNIDADE2":"CEIC Professora Monserat Ismênia de Moraes Borges","EMAIL":"ceic.monserat.borges@sme.cuiaba.mt.gov.br","ENDEREÇO":"RUA MACAE, 57 - BAIRRO SANTO ANTONIO DO PEDREGAL, Cuiabá/MT - CEP: 78060530.","REGIONAL":"Leste","CODIGO_INEP":51070308.0,"LATITUDE":-15.5976,"LONGITUDE":-56.0748,"LINK1":"https://www.google.com/maps?q=-15.5976,-56.0748","LINK":"https://www.google.com/maps?q=-15.5976,-56.0748","Tipo":null,"Unidade1":null,"Diretor":"-","Coordenador":null,"Secretário":null,"Endereco1":null,"CEP1":null,"Telefone1":null,"Email1":null,"obs":null,"FID_BAIRROS":2118,"NOMES_BAIRROS":"PEDREGAL","CONTROLE_1":"REGIAO LESTE"},"geometry":{"type":"Point","coordinates":[-56.0748,-15.5976]}},
{"type":"Feature","properties":{"OBJECTID":90,"FID_Unidades_Escolares_V2":47,"ITEM":47.0,"UNIDADE":"CEIC ROSANGELA CAMPOS VIEIRA PASSOS","UNIDADE2":"CEIC Rosangela Campos Vieira Passos","EMAIL":"ceic.rosangelacampos@sme.cuiaba.mt.gov.br","ENDEREÇO":"RUA OITO DE MAIO, 123 - BAIRRO SANTO ANTONIO DO PEDREGAL, Cuiabá/MT - CEP: 78060532.","REGIONAL":"Leste","CODIGO_INEP":51070049.0,"LATITUDE":-15.5974,"LONGITUDE":-56.0671,"LINK1":"https://www.google.com/maps?q=-15.5974,-56.0671","LINK":"https://www.google.com/maps?q=-15.5974,-56.0671","Tipo":null,"Unidade1":null,"Diretor":"-","Coordenador":null,"Secretário":null,"Endereco1":null,"CEP1":null,"Telefone1":null,"Email1":null,"obs":null,"FID_BAIRROS":2118,"NOMES_BAIRROS":"PEDREGAL","CONTROLE_1":"REGIAO LESTE"},"geometry":{"type":"Point","coordinates":[-56.0671,-15.5974]}},
{"type":"Feature","properties":{"OBJECTID":91,"FID_Unidades_Escolares_V2":132,"ITEM":132.0,"UNIDADE":"EMEB PRESIDENTE TANCREDO DE ALMEIDA NEVES","UNIDADE2":"EMEB Presidente Tancredo de Almeida Neves","EMAIL":"emeb.tancredo.neves@sme.cuiaba.mt.gov.br","ENDEREÇO":"R. J, Quadra 09 - Res. Paiaguás, Cuiabá - MT, 78030-385","REGIONAL":"Leste","CODIGO_INEP":null,"LATITUDE":-15.5968,"LONGITUDE":-56.1339,"LINK1":"https://www.google.com/maps?q=-15.5968,-56.1339","LINK":"https://www.google.com/maps?q=-15.5968,-56.1339","Tipo":"EMEB","Unidade1":"EMEB Presidente Tancredo de Almeida Neves","Diretor":"Larissa Nascimento da Silva Costa","Coordenador":"Paula Benedita Ribeiro Barros","Secretário":"Robson Willian Barbosa da Silva","Endereco1":"Rua C S/N - Jd. Araçá","CEP1":"78035-220","Telefone1":"(65) 3313-3074","Email1":"emeb.tancredo.neves@sme.cuiaba.mt.gov.br","obs":0.0,"FID_BAIRROS":2131,"NOMES_BAIRROS":"BARRA DO PARI","CONTROLE_1":"REGIAO OESTE"},"geometry":{"type":"Point","coordinates":[-56.1339,-15.5968]}},
{"type":"Feature","properties":{"OBJECTID":92,"FID_Unidades_Escolares_V2":10,"ITEM":10.0,"UNIDADE":"CEIC DONA MICAELA HENRIQUE DE SOUZA LIMA","UNIDADE2":"CEIC Dona Micaela Henrique de Souza Lima","EMAIL":"creche.dona.micaela@sme.cuiaba.mt.gov.br","ENDEREÇO":"RUA AMERICO SALGADO, SN - BAIRRO LIXEIRA, Cuiabá/MT - CEP: 78008415.","REGIONAL":"Leste","CODIGO_INEP":51093979.0,"LATITUDE":-15.5968,"LONGITUDE":-56.0853,"LINK1":"https://www.google.com/maps?q=-15.5968,-56.0853","LINK":"https://www.google.com/maps?q=-15.5968,-56.0853","Tipo":"CEIC","Unidade1":"CEIC Dona Micaela Henrique de Souza Lima","Diretor":"Reginalva Rocha da Silva Santos","Coordenador":"Islaene Valéria Corrêa de Matos","Secretário":"0","Endereco1":"R. Américo Salgado, S/N – Lixeira","CEP1":"78008-415","Telefone1":"(65) 3021-2100","Email1":"creche.dona.micaela@sme.cuiaba.mt.gov.br","obs":0.0,"FID_BAIRROS":2120,"NOMES_BAIRROS":"DA LIXEIRA","CONTROLE_1":"REGIAO LESTE"},"geometry":{"type":"Point","coordinates":[-56.0853,-15.5968]}},
{"type":"Feature","properties":{"OBJECTID":93,"FID_Unidades_Escolares_V2":119,"ITEM":119.0,"UNIDADE":"EMEB MARIA DA GLÓRIA DE SOUZA","UNIDADE2":"EMEB Maria da Glória de Souza","EMAIL":"emeb.maria.gloria@sme.cuiaba.mt.gov.br","ENDEREÇO":"AVENIDA BOSQUE DA SAUDE, 146 - BAIRRO BAU, Cuiabá/MT - CEP: 78008105.","REGIONAL":"Leste","CODIGO_INEP":51037157.0,"LATITUDE":-15.5913,"LONGITUDE":-56.0812,"LINK1":"https://www.google.com/maps?q=-15.5913,-56.0812","LINK":"https://www.google.com/maps?q=-15.5913,-56.0812","Tipo":null,"Unidade1":null,"Diretor":"-","Coordenador":null,"Secretário":null,"Endereco1":null,"CEP1":null,"Telefone1":null,"Email1":null,"obs":null,"FID_BAIRROS":2124,"NOMES_BAIRROS":"DO BAÚ","CONTROLE_1":"REGIAO LESTE"},"geometry":{"type":"Point","coordinates":[-56.0812,-15.5913]}},
{"type":"Feature","properties":{"OBJECTID":94,"FID_Unidades_Escolares_V2":144,"ITEM":144.0,"UNIDADE":"EMEB PROFESSORA FRANCISCA FIGUEIREDO DE ARRUDA MARTINS","UNIDADE2":"EMEB Professora Francisca Figueiredo de Arruda Martins","EMAIL":"emeb.francisca.martins@sme.cuiaba.mt.gov.br","ENDEREÇO":"RUA 1 A, S/N - BAIRRO JARDIM ELDORADO, Cuiabá/MT - CEP: 78051408.","REGIONAL":"Leste","CODIGO_INEP":51058774.0,"LATITUDE":-15.5889,"LONGITUDE":-56.0474,"LINK1":"https://www.google.com/maps?q=-15.5889,-56.0474","LINK":"https://www.google.com/maps?q=-15.5889,-56.0474","Tipo":null,"Unidade1":null,"Diretor":"-","Coordenador":null,"Secretário":null,"Endereco1":null,"CEP1":null,"Telefone1":null,"Email1":null,"obs":null,"FID_BAIRROS":2130,"NOMES_BAIRROS":"JARDIM ELDORADO","CONTROLE_1":"REGIAO LESTE"},"geometry":{"type":"Point","coordinates":[-56.0474,-15.5889]}},
{"type":"Feature","properties":{"OBJECTID":95,"FID_Unidades_Escolares_V2":146,"ITEM":146.0,"UNIDADE":"EMEB PROFESSORA GUILHERMINA DE FIGUEIREDO","UNIDADE2":"EMEB Professora Guilhermina de Figueiredo","EMAIL":"emeb.guilhermina.figueiredo@sme.cuiaba.mt.gov.br","ENDEREÇO":"AVENIDA GOVERNADOR DANTE MARTINS DE OLIVEIRA, S/N - BAIRRO CARUMBE, Cuiabá/MT - CEP: 78050700.","REGIONAL":"Leste","CODIGO_INEP":51037009.0,"LATITUDE":-15.5886,"LONGITUDE":-56.0603,"LINK1":"https://www.google.com/maps?q=-15.5886,-56.0603","LINK":"https://www.google.com/maps?q=-15.5886,-56.0603","Tipo":"EMEB","Unidade1":"EMEB Professora Guilhermina de Figueiredo","Diretor":"Rita Solange Barros Moura","Coordenador":"Helena dos Santos Lacerda","Secretário":"Advenil Febe da Silva","Endereco1":"Av. Gov. Dante Martins de Oliveira, s/n, bairro Carumbé","CEP1":"0","Telefone1":"(65) 3313-3004","Email1":"emeb.guilhermina.figueiredo@sme.cuiaba.mt.gov.br","obs":0.0,"FID_BAIRROS":2132,"NOMES_BAIRROS":"CARUMBÉ","CONTROLE_1":"REGIAO LESTE"},"geometry":{"type":"Point","coordinates":[-56.0603,-15.5886]}},
{"type":"Feature","properties":{"OBJECTID":96,"FID_Unidades_Escolares_V2":92,"ITEM":92.0,"UNIDADE":"EMEB AUGUSTO MÁRIO VEIRA","UNIDADE2":"EMEB Augusto Mário Veira","EMAIL":"emeb.augusto.vieira@sme.cuiaba.mt.gov.br","ENDEREÇO":"AVENIDA GONCALO ANTUNES DE BARROS, 1556 - BAIRRO CAMPO VERDE, Cuiabá/MT - CEP: 78050862.","REGIONAL":"Leste","CODIGO_INEP":51039621.0,"LATITUDE":-15.5883,"LONGITUDE":-56.0658,"LINK1":"https://www.google.com/maps?q=-15.5883,-56.0658","LINK":"https://www.google.com/maps?q=-15.5883,-56.0658","Tipo":null,"Unidade1":null,"Diretor":"-","Coordenador":null,"Secretário":null,"Endereco1":null,"CEP1":null,"Telefone1":null,"Email1":null,"obs":null,"FID_BAIRROS":2127,"NOMES_BAIRROS":"CAMPO VERDE","CONTROLE_1":"REGIAO LESTE"},"geometry":{"type":"Point","coordinates":[-56.0658,-15.5883]}},
{"type":"Feature","properties":{"OBJECTID":97,"FID_Unidades_Escolares_V2":13,"ITEM":13.0,"UNIDADE":"CEIC ESPAÇO LIVRE","UNIDADE2":"CEIC Espaço Livre","EMAIL":"creche.espaco.livre@sme.cuiaba.mt.gov.br","ENDEREÇO":"RUA CARLOS GOMES, 100 - BAIRRO ARAES, Cuiabá/MT - CEP: 78005630.","REGIONAL":"Oeste","CODIGO_INEP":51063107.0,"LATITUDE":-15.588,"LONGITUDE":-56.0899,"LINK1":"https://www.google.com/maps?q=-15.588,-56.0899","LINK":"https://www.google.com/maps?q=-15.588,-56.0899","Tipo":"CEIC","Unidade1":"CEIC Espaço Livre","Diretor":"Adina Rocha Valentin dos Santos","Coordenador":"Edimar Kely da Silva","Secretário":"0","Endereco1":"R. Carlos Gomes, 100 – Araés","CEP1":"78005-630","Telefone1":"0","Email1":"creche.espaço.livre@sme.cuiaba.mt.gov.br","obs":0.0,"FID_BAIRROS":2171,"NOMES_BAIRROS":"DO ARAÉS","CONTROLE_1":"REGIAO LESTE"},"geometry":{"type":"Point","coordinates":[-56.0899,-15.588]}},
{"type":"Feature","properties":{"OBJECTID":98,"FID_Unidades_Escolares_V2":134,"ITEM":134.0,"UNIDADE":"EMEB PROFESSOR EZEQUIEL POMPEU RIBEIRO DE SIQUEIRA","UNIDADE2":"EMEB Professor Ezequiel Pompeu Ribeiro de Siqueira","EMAIL":"emeb.ezequiel.siqueira@sme.cuiaba.mt.gov.br","ENDEREÇO":"RUA MANOEL LEOPOLDINO, 403 - BAIRRO ARAES, Cuiabá/MT - CEP: 78005550.","REGIONAL":"Oeste","CODIGO_INEP":51037262.0,"LATITUDE":-15.5856,"LONGITUDE":-56.0943,"LINK1":"https://www.google.com/maps?q=-15.5856,-56.0943","LINK":"https://www.google.com/maps?q=-15.5856,-56.0943","Tipo":"EMEB","Unidade1":"EMEB Professor Ezequiel Pompeu Ribeiro de Siqueira","Diretor":"Sergimar Pereira Pereira Rego","Coordenador":"Susan Maíra Ferreira Batista","Secretário":"Cristiane Moraes da Costa","Endereco1":"Rua Manoel Leopoldino, 403 – Bairro: Araés","CEP1":"0","Telefone1":"(65) 3044-3685","Email1":"emeb.ezequiel.siqueira@sme.cuiaba.mt.gov.br","obs":0.0,"FID_BAIRROS":2171,"NOMES_BAIRROS":"DO ARAÉS","CONTROLE_1":"REGIAO LESTE"},"geometry":{"type":"Point","coordinates":[-56.0943,-15.5856]}},
{"type":"Feature","properties":{"OBJECTID":99,"FID_Unidades_Escolares_V2":83,"ITEM":83.0,"UNIDADE":"EMEB 12 DE OUTUBRO","UNIDADE2":"EMEB 12 de Outubro","EMAIL":"emeb.12.outubro@sme.cuiaba.mt.gov.br","ENDEREÇO":"RUA G, 132 - BAIRRO ITAMARATI, Cuiabá/MT - CEP: 78050250.","REGIONAL":"Leste","CODIGO_INEP":51036797.0,"LATITUDE":-15.5854,"LONGITUDE":-56.0348,"LINK1":"https://www.google.com/maps?q=-15.5854,-56.0348","LINK":"https://www.google.com/maps?q=-15.5854,-56.0348","Tipo":"EMEB","Unidade1":"EMEB 12 de Outubro","Diretor":"Cleide dos Santos Nery","Coordenador":"Elisangela de Almeida Santos","Secretário":"Ivan Francisco da Costa Junior","Endereco1":"Rua G, nº 132, Bairro Residencial Itamarati","CEP1":"0","Telefone1":"(65) 3624-4345","Email1":"emeb.12.outubro@sme.cuiaba.mt.gov.br","obs":0.0,"FID_BAIRROS":2134,"NOMES_BAIRROS":"RESIDENCIAL ITAMARATI","CONTROLE_1":"REGIAO LESTE"},"geometry":{"type":"Point","coordinates":[-56.0348,-15.5854]}},
{"type":"Feature","properties":{"OBJECTID":100,"FID_Unidades_Escolares_V2":111,"ITEM":111.0,"UNIDADE":"EMEB JOSÉ LUÍS BORGES GARCIA","UNIDADE2":"EMEB José Luís Borges Garcia","EMAIL":"emeb.jose.borges@sme.cuiaba.mt.gov.br","ENDEREÇO":"RUA PROF LOURIVANDE NUNES CHAVES, 699 - BAIRRO BELA VISTA, Cuiabá/MT - CEP: 78015285.","REGIONAL":"Leste","CODIGO_INEP":51037084.0,"LATITUDE":-15.5853,"LONGITUDE":-56.0619,"LINK1":"https://www.google.com/maps?q=-15.5853,-56.0619","LINK":"https://www.google.com/maps?q=-15.5853,-56.0619","Tipo":null,"Unidade1":null,"Diretor":"-","Coordenador":null,"Secretário":null,"Endereco1":null,"CEP1":null,"Telefone1":null,"Email1":null,"obs":null,"FID_BAIRROS":2138,"NOMES_BAIRROS":"DOM BOSCO","CONTROLE_1":"REGIAO LESTE"},"geometry":{"type":"Point","coordinates":[-56.0619,-15.5853]}},
{"type":"Feature","properties":{"OBJECTID":101,"FID_Unidades_Escolares_V2":113,"ITEM":113.0,"UNIDADE":"EMEB JUAREZ SODRÉ FARIAS","UNIDADE2":"EMEB Juarez Sodré Farias","EMAIL":"emeb.juarez.sodre@sme.cuiaba.mt.gov.br","ENDEREÇO":"RUA JOAO CARLOS PEREIRA LEITE, SN - BAIRRO ARAES, Cuiabá/MT - CEP: 78005570.","REGIONAL":"Oeste","CODIGO_INEP":51037106.0,"LATITUDE":-15.5842,"LONGITUDE":-56.0895,"LINK1":"https://www.google.com/maps?q=-15.5842,-56.0895","LINK":"https://www.google.com/maps?q=-15.5842,-56.0895","Tipo":"EMEB","Unidade1":"EMEB Juarez Sodré Farias","Diretor":"Neuvacy Tibaldi","Coordenador":"Marly Pereira Leite Souza","Secretário":"Luiz Fernando Nunes da Conceição","Endereco1":"Rua João Carlos Pereira Leite, S/N – Bairro Araés","CEP1":"0","Telefone1":"(65) 3044-9724","Email1":"emeb.juarez.sodre@sme.cuiaba.mt.gov.br","obs":0.0,"FID_BAIRROS":2171,"NOMES_BAIRROS":"DO ARAÉS","CONTROLE_1":"REGIAO LESTE"},"geometry":{"type":"Point","coordinates":[-56.0895,-15.5842]}},
{"type":"Feature","properties":{"OBJECTID":102,"FID_Unidades_Escolares_V2":20,"ITEM":20.0,"UNIDADE":"CEIC JOSÉ LUIZ BORGES GARCIA","UNIDADE2":"CEIC José Luiz Borges Garcia","EMAIL":"creche.jose.garcia@sme.cuiaba.mt.gov.br","ENDEREÇO":"RUA PARIMA, 186 - BAIRRO PLANALTO, Cuiabá/MT - CEP: 78005000.","REGIONAL":"Leste","CODIGO_INEP":51063182.0,"LATITUDE":-15.5833,"LONGITUDE":-56.0351,"LINK1":"https://www.google.com/maps?q=-15.5833,-56.0351","LINK":"https://www.google.com/maps?q=-15.5833,-56.0351","Tipo":"CEIC","Unidade1":"CEIC José Luiz Borges Garcia","Diretor":"Astrogilda Dominga Flanofa","Coordenador":"Maria Evanize Rondon","Secretário":"0","Endereco1":"R. Parimã, 186 – Planalto","CEP1":"78058-819","Telefone1":"(65) 3313-3015","Email1":"creche.jose.garcia@sme.cuiaba.mt.gov.br","obs":0.0,"FID_BAIRROS":2144,"NOMES_BAIRROS":"PLANALTO","CONTROLE_1":"REGIAO LESTE"},"geometry":{"type":"Point","coordinates":[-56.0351,-15.5833]}},
{"type":"Feature","properties":{"OBJECTID":103,"FID_Unidades_Escolares_V2":143,"ITEM":143.0,"UNIDADE":"EMEB PROFESSORA ELZA LUIZA ESTEVES","UNIDADE2":"EMEB Professora Elza Luiza Esteves","EMAIL":"emeb.elza.esteves@sme.cuiaba.mt.gov.br","ENDEREÇO":"AVENIDA SENEGAL, S/N - BAIRRO CANJICA, Cuiabá/MT - CEP: 78040330.","REGIONAL":"Leste","CODIGO_INEP":51036940.0,"LATITUDE":-15.583,"LONGITUDE":-56.0754,"LINK1":"https://www.google.com/maps?q=-15.583,-56.0754","LINK":"https://www.google.com/maps?q=-15.583,-56.0754","Tipo":null,"Unidade1":null,"Diretor":"-","Coordenador":null,"Secretário":null,"Endereco1":null,"CEP1":null,"Telefone1":null,"Email1":null,"obs":null,"FID_BAIRROS":2136,"NOMES_BAIRROS":"CANJICA","CONTROLE_1":"REGIAO LESTE"},"geometry":{"type":"Point","coordinates":[-56.0754,-15.583]}},
{"type":"Feature","properties":{"OBJECTID":104,"FID_Unidades_Escolares_V2":84,"ITEM":84.0,"UNIDADE":"EMEB 8 DE ABRIL LISALDO JUAREZ SODRÉ","UNIDADE2":"EMEB 8 de Abril Lisaldo Juarez Sodré","EMAIL":"emeb.8.abril@sme.cuiaba.mt.gov.br","ENDEREÇO":"AVENIDA GONCALO ANTUNES DE BARROS, 2859 - BAIRRO BELA VISTA, Cuiabá/MT - CEP: 78050600.","REGIONAL":"Leste","CODIGO_INEP":51039052.0,"LATITUDE":-15.5828,"LONGITUDE":-56.0538,"LINK1":"https://www.google.com/maps?q=-15.5828,-56.0538","LINK":"https://www.google.com/maps?q=-15.5828,-56.0538","Tipo":null,"Unidade1":null,"Diretor":"-","Coordenador":null,"Secretário":null,"Endereco1":null,"CEP1":null,"Telefone1":null,"Email1":null,"obs":null,"FID_BAIRROS":2139,"NOMES_BAIRROS":"SÃO ROQUE","CONTROLE_1":"REGIAO LESTE"},"geometry":{"type":"Point","coordinates":[-56.0538,-15.5828]}},
{"type":"Feature","properties":{"OBJECTID":105,"FID_Unidades_Escolares_V2":152,"ITEM":152.0,"UNIDADE":"EMEB QUINTINO PEREIRA DE FREITAS","UNIDADE2":"EMEB Quintino Pereira de Freitas","EMAIL":"emeb.quintino.freitas@sme.cuiaba.mt.gov.br","ENDEREÇO":"RUA PADRE EMILIO FRANCISCO REINERS, 247 - BAIRRO CANJICA, Cuiabá/MT - CEP: 78015285.","REGIONAL":"Leste","CODIGO_INEP":51038218.0,"LATITUDE":-15.5826,"LONGITUDE":-56.0729,"LINK1":"https://www.google.com/maps?q=-15.5826,-56.0729","LINK":"https://www.google.com/maps?q=-15.5826,-56.0729","Tipo":null,"Unidade1":null,"Diretor":"-","Coordenador":null,"Secretário":null,"Endereco1":null,"CEP1":null,"Telefone1":null,"Email1":null,"obs":null,"FID_BAIRROS":2143,"NOMES_BAIRROS":"TERRA NOVA","CONTROLE_1":"REGIAO LESTE"},"geometry":{"type":"Point","coordinates":[-56.0729,-15.5826]}},
{"type":"Feature","properties":{"OBJECTID":106,"FID_Unidades_Escolares_V2":27,"ITEM":27.0,"UNIDADE":"CEIC MACÁRIA MILITONA DE SANTANA","UNIDADE2":"CEIC Macária Militona de Santana","EMAIL":"creche.macaria.santana@sme.cuiaba.mt.gov.br","ENDEREÇO":"RUA PERU, SN - BAIRRO RIBEIRAO DA PONTE, Cuiabá/MT - CEP: 78040550.","REGIONAL":"Oeste","CODIGO_INEP":51093952.0,"LATITUDE":-15.5821,"LONGITUDE":-56.1155,"LINK1":"https://www.google.com/maps?q=-15.5821,-56.1155","LINK":"https://www.google.com/maps?q=-15.5821,-56.1155","Tipo":null,"Unidade1":null,"Diretor":"-","Coordenador":null,"Secretário":null,"Endereco1":null,"CEP1":null,"Telefone1":null,"Email1":null,"obs":null,"FID_BAIRROS":2145,"NOMES_BAIRROS":"RIBEIRÃO DA PONTE","CONTROLE_1":"REGIAO OESTE"},"geometry":{"type":"Point","coordinates":[-56.1155,-15.5821]}},
{"type":"Feature","properties":{"OBJECTID":107,"FID_Unidades_Escolares_V2":57,"ITEM":57.0,"UNIDADE":"CEIC TERTULIANA MARIA DE ARRUDA SOUZA - MÃE NHARA","UNIDADE2":"CEIC Tertuliana Maria de Arruda Souza - Mãe Nhara","EMAIL":"creche.mae.nhara@sme.cuiaba.mt.gov.br","ENDEREÇO":"RUA CACERES, 30 - BAIRRO ALVORADA, Cuiabá/MT - CEP: 78048640.","REGIONAL":"Oeste","CODIGO_INEP":51088444.0,"LATITUDE":-15.5816,"LONGITUDE":-56.0854,"LINK1":"https://www.google.com/maps?q=-15.5816,-56.0854","LINK":"https://www.google.com/maps?q=-15.5816,-56.0854","Tipo":null,"Unidade1":null,"Diretor":"-","Coordenador":null,"Secretário":null,"Endereco1":null,"CEP1":null,"Telefone1":null,"Email1":null,"obs":null,"FID_BAIRROS":2153,"NOMES_BAIRROS":"ALVORADA","CONTROLE_1":"REGIAO OESTE"},"geometry":{"type":"Point","coordinates":[-56.0854,-15.5816]}},
{"type":"Feature","properties":{"OBJECTID":108,"FID_Unidades_Escolares_V2":161,"ITEM":161.0,"UNIDADE":"EMEB SILVINO LEITE DE ARRUDA","UNIDADE2":"EMEB Silvino Leite de Arruda","EMAIL":"emeb.silvino.arruda@sme.cuiaba.mt.gov.br","ENDEREÇO":"RUA NEBLINA, 176 - BAIRRO PLANALTO, Cuiabá/MT - CEP: 78058380.","REGIONAL":"Leste","CODIGO_INEP":51037408.0,"LATITUDE":-15.5816,"LONGITUDE":-56.0373,"LINK1":"https://www.google.com/maps?q=-15.5816,-56.0373","LINK":"https://www.google.com/maps?q=-15.5816,-56.0373","Tipo":null,"Unidade1":null,"Diretor":"-","Coordenador":null,"Secretário":null,"Endereco1":null,"CEP1":null,"Telefone1":null,"Email1":null,"obs":null,"FID_BAIRROS":2144,"NOMES_BAIRROS":"PLANALTO","CONTROLE_1":"REGIAO LESTE"},"geometry":{"type":"Point","coordinates":[-56.0373,-15.5816]}},
{"type":"Feature","properties":{"OBJECTID":109,"FID_Unidades_Escolares_V2":23,"ITEM":23.0,"UNIDADE":"CEIC JOSEFA DA SILVA PARENTE","UNIDADE2":"CEIC Josefa da Silva Parente","EMAIL":"creche.josefa.parente@sme.cuiaba.mt.gov.br","ENDEREÇO":"AVENIDA VEREADOR JULIANO COSTA MARQUES, S/N - BAIRRO BELA VISTA, Cuiabá/MT - CEP: 78005000.","REGIONAL":"Norte","CODIGO_INEP":51089661.0,"LATITUDE":-15.5805,"LONGITUDE":-56.0621,"LINK1":"https://www.google.com/maps?q=-15.5805,-56.0621","LINK":"https://www.google.com/maps?q=-15.5805,-56.0621","Tipo":null,"Unidade1":null,"Diretor":"-","Coordenador":null,"Secretário":null,"Endereco1":null,"CEP1":null,"Telefone1":null,"Email1":null,"obs":null,"FID_BAIRROS":2152,"NOMES_BAIRROS":"MORADA DO OURO","CONTROLE_1":"REGIAO NORTE"},"geometry":{"type":"Point","coordinates":[-56.0621,-15.5805]}},
{"type":"Feature","properties":{"OBJECTID":110,"FID_Unidades_Escolares_V2":116,"ITEM":116.0,"UNIDADE":"EMEB MADRE MARTA CERUTTI","UNIDADE2":"EMEB Madre Marta Cerutti","EMAIL":"emeb.madre.cerutti@sme.cuiaba.mt.gov.br","ENDEREÇO":"AVENIDA VEREADOR JULIANO COSTA MARQUES, S/N - BAIRRO BELA VISTA, Cuiabá/MT - CEP: 78050550.","REGIONAL":"Norte","CODIGO_INEP":51059215.0,"LATITUDE":-15.5802,"LONGITUDE":-56.0627,"LINK1":"https://www.google.com/maps?q=-15.5802,-56.0627","LINK":"https://www.google.com/maps?q=-15.5802,-56.0627","Tipo":"EMEB","Unidade1":"EMEB Madre Marta Cerutti","Diretor":"Karoline Cassia Moreira de Almeida","Coordenador":"Fernanda Vieira de Paula Lutterback","Secretário":"Luiz Cezar Terra Sales","Endereco1":"Av. Ver. Juliano Costa Marques, s/n – Bairro Bela Vista","CEP1":"0","Telefone1":"(65) 99946-8347","Email1":"emeb.madre.cerutti@sme.cuiaba.mt.gov.br","obs":0.0,"FID_BAIRROS":2152,"NOMES_BAIRROS":"MORADA DO OURO","CONTROLE_1":"REGIAO NORTE"},"geometry":{"type":"Point","coordinates":[-56.0627,-15.5802]}},
{"type":"Feature","properties":{"OBJECTID":111,"FID_Unidades_Escolares_V2":11,"ITEM":11.0,"UNIDADE":"CEIC EDNA CATHARINA PERRI RICCI","UNIDADE2":"CEIC Edna Catharina Perri Ricci","EMAIL":"creche.edna.ricci@sme.cuiaba.mt.gov.br","ENDEREÇO":"RUA PRINCESA DIANA, SN - BAIRRO ALTOS DA SERRA I, Cuiabá/MT - CEP: 78052314.","REGIONAL":"Leste","CODIGO_INEP":51100207.0,"LATITUDE":-15.5797,"LONGITUDE":-56.0238,"LINK1":"https://www.google.com/maps?q=-15.5797,-56.0238","LINK":"https://www.google.com/maps?q=-15.5797,-56.0238","Tipo":"CEIC","Unidade1":"CEIC Edna Catharina Perri Ricci","Diretor":"Raquel Rios de Souza","Coordenador":"0","Secretário":"0","Endereco1":"R. Princesa Daiana, S/N – Altos da Serra","CEP1":"78052-314","Telefone1":"(65) 4042-9921","Email1":"creche.edna.ricci@sme.cuiaba.mt.gov.br","obs":0.0,"FID_BAIRROS":2156,"NOMES_BAIRROS":"ÁREAS DE EXPANSÃO URBANA - REGIÃO LESTE","CONTROLE_1":"REGIAO LESTE"},"geometry":{"type":"Point","coordinates":[-56.0238,-15.5797]}},
{"type":"Feature","properties":{"OBJECTID":112,"FID_Unidades_Escolares_V2":117,"ITEM":117.0,"UNIDADE":"EMEB MARECHAL CANDIDO MARIANO DA SILVA RONDON","UNIDADE2":"EMEB Marechal Candido Mariano da Silva Rondon","EMAIL":"emeb.marechal.rondon@sme.cuiaba.mt.gov.br","ENDEREÇO":"RUA PIRATININGA, 101 - BAIRRO ALVORADA, Cuiabá/MT - CEP: 78048630.","REGIONAL":"Oeste","CODIGO_INEP":51036886.0,"LATITUDE":-15.5796,"LONGITUDE":-56.0813,"LINK1":"https://www.google.com/maps?q=-15.5796,-56.0813","LINK":"https://www.google.com/maps?q=-15.5796,-56.0813","Tipo":null,"Unidade1":null,"Diretor":"-","Coordenador":null,"Secretário":null,"Endereco1":null,"CEP1":null,"Telefone1":null,"Email1":null,"obs":null,"FID_BAIRROS":2153,"NOMES_BAIRROS":"ALVORADA","CONTROLE_1":"REGIAO OESTE"},"geometry":{"type":"Point","coordinates":[-56.0813,-15.5796]}},
{"type":"Feature","properties":{"OBJECTID":113,"FID_Unidades_Escolares_V2":109,"ITEM":109.0,"UNIDADE":"EMEB JESCELINO JOSÉ REINERS","UNIDADE2":"EMEB Jescelino José Reiners","EMAIL":"emeb.jescelino.reiners@sme.cuiaba.mt.gov.br","ENDEREÇO":"RUA GOIAS, 441 - BAIRRO JD NOVO HORIZONTE, Cuiabá/MT - CEP: 78058681.","REGIONAL":"Leste","CODIGO_INEP":51037076.0,"LATITUDE":-15.5793,"LONGITUDE":-56.0321,"LINK1":"https://www.google.com/maps?q=-15.5793,-56.0321","LINK":"https://www.google.com/maps?q=-15.5793,-56.0321","Tipo":"EMEB","Unidade1":"EMEB Jescelino José Reiners","Diretor":"Marcela da Silva Jara","Coordenador":"Amanda de Souza Pessoa Pivaro","Secretário":"Vanessa de Oliveira Lima","Endereco1":"Rua Dourada, 199 – Bairro Planalto","CEP1":"0","Telefone1":"(65) 3646-7533","Email1":"emeb.jescelino.reiners@sme.cuiaba.mt.gov.br","obs":0.0,"FID_BAIRROS":2151,"NOMES_BAIRROS":"NOVO HORIZONTE","CONTROLE_1":"REGIAO LESTE"},"geometry":{"type":"Point","coordinates":[-56.0321,-15.5793]}},
{"type":"Feature","properties":{"OBJECTID":114,"FID_Unidades_Escolares_V2":93,"ITEM":93.0,"UNIDADE":"EMEB CELINA FIALHO BEZERRA","UNIDADE2":"EMEB Celina Fialho Bezerra","EMAIL":"emeb.celina.bezerra@sme.cuiaba.mt.gov.br","ENDEREÇO":"RUA PRINCESA, SN - BAIRRO ALTOS DA SERRA, Cuiabá/MT - CEP: 78052314.","REGIONAL":"Leste","CODIGO_INEP":51060230.0,"LATITUDE":-15.5791,"LONGITUDE":-56.0238,"LINK1":"https://www.google.com/maps?q=-15.5791,-56.0238","LINK":"https://www.google.com/maps?q=-15.5791,-56.0238","Tipo":"EMEB","Unidade1":"EMEB Celina Fialho Bezerra","Diretor":"Debora do Nascimento Silva","Coordenador":"Arethuza Souza Carvalho Maciel; Juliane Silva Soares","Secretário":"Francisco de Assis Teixeira","Endereco1":"Rua Princesa Dayana, s/nº, Altos da Serra","CEP1":"0","Telefone1":"(65) 4042-9928","Email1":"emeb.celina.bezerra@sme.cuiaba.mt.gov.br","obs":0.0,"FID_BAIRROS":2156,"NOMES_BAIRROS":"ÁREAS DE EXPANSÃO URBANA - REGIÃO LESTE","CONTROLE_1":"REGIAO LESTE"},"geometry":{"type":"Point","coordinates":[-56.0238,-15.5791]}},
{"type":"Feature","properties":{"OBJECTID":115,"FID_Unidades_Escolares_V2":102,"ITEM":102.0,"UNIDADE":"EMEB ESMERALDA DE CAMPOS FONTES","UNIDADE2":"EMEB Esmeralda de Campos Fontes","EMAIL":"emeb.esmeralda.fontes@sme.cuiaba.mt.gov.br","ENDEREÇO":"RUA BOLIVIA, 365 - BAIRRO RIBEIRAO DA PONTE, Cuiabá/MT - CEP: 78040450.","REGIONAL":"Oeste","CODIGO_INEP":51037238.0,"LATITUDE":-15.579,"LONGITUDE":-56.1186,"LINK1":"https://www.google.com/maps?q=-15.579,-56.1186","LINK":"https://www.google.com/maps?q=-15.579,-56.1186","Tipo":null,"Unidade1":null,"Diretor":"-","Coordenador":null,"Secretário":null,"Endereco1":null,"CEP1":null,"Telefone1":null,"Email1":null,"obs":null,"FID_BAIRROS":2145,"NOMES_BAIRROS":"RIBEIRÃO DA PONTE","CONTROLE_1":"REGIAO OESTE"},"geometry":{"type":"Point","coordinates":[-56.1186,-15.579]}},
{"type":"Feature","properties":{"OBJECTID":116,"FID_Unidades_Escolares_V2":79,"ITEM":79.0,"UNIDADE":"CMEI REGINA PIA PADILLA DE BORBON NEVES","UNIDADE2":"CMEI Regina Pia Padilla de Borbon Neves","EMAIL":"cmei.regina.neves@sme.cuiaba.mt.gov.br","ENDEREÇO":"RUA PRINCESA DIANA, SN - BAIRRO ALTOS DA SERRA I, Cuiabá/MT - CEP: 78052314.","REGIONAL":"Leste","CODIGO_INEP":51068818.0,"LATITUDE":-15.5789,"LONGITUDE":-56.0242,"LINK1":"https://www.google.com/maps?q=-15.5789,-56.0242","LINK":"https://www.google.com/maps?q=-15.5789,-56.0242","Tipo":null,"Unidade1":null,"Diretor":"-","Coordenador":null,"Secretário":null,"Endereco1":null,"CEP1":null,"Telefone1":null,"Email1":null,"obs":null,"FID_BAIRROS":2156,"NOMES_BAIRROS":"ÁREAS DE EXPANSÃO URBANA - REGIÃO LESTE","CONTROLE_1":"REGIAO LESTE"},"geometry":{"type":"Point","coordinates":[-56.0242,-15.5789]}},
{"type":"Feature","properties":{"OBJECTID":117,"FID_Unidades_Escolares_V2":108,"ITEM":108.0,"UNIDADE":"EMEB IRMÃ MARIA BETTY SOUZA PIRES","UNIDADE2":"EMEB Irmã Maria Betty Souza Pires","EMAIL":"emeb.maria.betty@sme.cuiaba.mt.gov.br","ENDEREÇO":"RUA ANDRADINA, 99 - BAIRRO NOVO MATO GROSSO, Cuiabá/MT - CEP: 78015285.","REGIONAL":"Leste","CODIGO_INEP":51037050.0,"LATITUDE":-15.5786,"LONGITUDE":-56.0394,"LINK1":"https://www.google.com/maps?q=-15.5786,-56.0394","LINK":"https://www.google.com/maps?q=-15.5786,-56.0394","Tipo":null,"Unidade1":null,"Diretor":"-","Coordenador":null,"Secretário":null,"Endereco1":null,"CEP1":null,"Telefone1":null,"Email1":null,"obs":null,"FID_BAIRROS":2147,"NOMES_BAIRROS":"NOVO MATO GROSSO","CONTROLE_1":"REGIAO LESTE"},"geometry":{"type":"Point","coordinates":[-56.0394,-15.5786]}},
{"type":"Feature","properties":{"OBJECTID":118,"FID_Unidades_Escolares_V2":46,"ITEM":46.0,"UNIDADE":"CEIC RISOLETA NEVES","UNIDADE2":"CEIC Risoleta Neves","EMAIL":"creche.risoleta.neves@sme.cuiaba.mt.gov.br","ENDEREÇO":"AVENIDA DANTE MARTINS DE OLIVEIRA, S/N - BAIRRO NOVO HORIZONTE, Cuiabá/MT - CEP: 78005000.","REGIONAL":"Norte","CODIGO_INEP":51063212.0,"LATITUDE":-15.5758,"LONGITUDE":-56.0346,"LINK1":"https://www.google.com/maps?q=-15.5758,-56.0346","LINK":"https://www.google.com/maps?q=-15.5758,-56.0346","Tipo":null,"Unidade1":null,"Diretor":"-","Coordenador":null,"Secretário":null,"Endereco1":null,"CEP1":null,"Telefone1":null,"Email1":null,"obs":null,"FID_BAIRROS":2818,"NOMES_BAIRROS":"MORADA DA SERRA","CONTROLE_1":"REGIAO NORTE"},"geometry":{"type":"Point","coordinates":[-56.0346,-15.5758]}},
{"type":"Feature","properties":{"OBJECTID":119,"FID_Unidades_Escolares_V2":18,"ITEM":18.0,"UNIDADE":"CEIC JOÃO BATISTA SCALABRINI","UNIDADE2":"CEIC João Batista Scalabrini","EMAIL":"creche.joao.batista.scalabrini@sme.cuiaba.mt.gov.br","ENDEREÇO":"RUA ONZE, 06 - BAIRRO TANCREDO NEVES, Cuiabá/MT - CEP: 78053608.","REGIONAL":"Norte","CODIGO_INEP":51211807.0,"LATITUDE":-15.572,"LONGITUDE":-56.0504,"LINK1":"https://www.google.com/maps?q=-15.572,-56.0504","LINK":"https://www.google.com/maps?q=-15.572,-56.0504","Tipo":"CEIC","Unidade1":"CEIC João Batista Scalabrini","Diretor":"Edileusa Morais dos Santos","Coordenador":"Rivanda Brito Tataira","Secretário":"0","Endereco1":"R. 11, LT. 6, Q.12 – Tancredo Neves","CEP1":"78053-608","Telefone1":"0","Email1":"creche.joao.batista.scalabrini@sme.cuiaba.mt.gov.br","obs":0.0,"FID_BAIRROS":2818,"NOMES_BAIRROS":"MORADA DA SERRA","CONTROLE_1":"REGIAO NORTE"},"geometry":{"type":"Point","coordinates":[-56.0504,-15.572]}},
{"type":"Feature","properties":{"OBJECTID":120,"FID_Unidades_Escolares_V2":67,"ITEM":67.0,"UNIDADE":"CMEI JOANA MONT SERRAT SPINDOLA SILVA","UNIDADE2":"CMEI Joana Mont Serrat Spindola Silva","EMAIL":"cmei.joanamontserrat@sme.cuiaba.mt.gov.br","ENDEREÇO":"RUA VINTE E CINCO (NUC HAB CPA III), S/N - BAIRRO MORADA DA SERRA, Cuiabá/MT - CEP: 78058382.","REGIONAL":"Norte","CODIGO_INEP":51069350.0,"LATITUDE":-15.5716,"LONGITUDE":-56.0362,"LINK1":"https://www.google.com/maps?q=-15.5716,-56.0362","LINK":"https://www.google.com/maps?q=-15.5716,-56.0362","Tipo":null,"Unidade1":null,"Diretor":"-","Coordenador":null,"Secretário":null,"Endereco1":null,"CEP1":null,"Telefone1":null,"Email1":null,"obs":null,"FID_BAIRROS":2818,"NOMES_BAIRROS":"MORADA DA SERRA","CONTROLE_1":"REGIAO NORTE"},"geometry":{"type":"Point","coordinates":[-56.0362,-15.5716]}},
{"type":"Feature","properties":{"OBJECTID":121,"FID_Unidades_Escolares_V2":49,"ITEM":49.0,"UNIDADE":"CEIC SANTA INES - CPA","UNIDADE2":"CEIC Santa Ines - CPA","EMAIL":"creche.santa.ines@sme.cuiaba.mt.gov.br","ENDEREÇO":"RUA 24, S/N - BAIRRO CPA III, Cuiabá/MT - CEP: 78005000.","REGIONAL":"Norte","CODIGO_INEP":51063611.0,"LATITUDE":-15.5711,"LONGITUDE":-56.0358,"LINK1":"https://www.google.com/maps?q=-15.5711,-56.0358","LINK":"https://www.google.com/maps?q=-15.5711,-56.0358","Tipo":null,"Unidade1":null,"Diretor":"-","Coordenador":null,"Secretário":null,"Endereco1":null,"CEP1":null,"Telefone1":null,"Email1":null,"obs":null,"FID_BAIRROS":2818,"NOMES_BAIRROS":"MORADA DA SERRA","CONTROLE_1":"REGIAO NORTE"},"geometry":{"type":"Point","coordinates":[-56.0358,-15.5711]}},
{"type":"Feature","properties":{"OBJECTID":122,"FID_Unidades_Escolares_V2":37,"ITEM":37.0,"UNIDADE":"CEIC NAÍDES RODRIGUES RIBEIRO DA CRUZ","UNIDADE2":"CEIC Naídes Rodrigues Ribeiro da Cruz","EMAIL":"creche.naides.cruz@sme.cuiaba.mt.gov.br","ENDEREÇO":"RUA CINQUENTA E DOIS, S/N - BAIRRO C P A III, Cuiabá/MT - CEP: 78058424.","REGIONAL":"Norte","CODIGO_INEP":51063204.0,"LATITUDE":-15.5703,"LONGITUDE":-56.0458,"LINK1":"https://www.google.com/maps?q=-15.5703,-56.0458","LINK":"https://www.google.com/maps?q=-15.5703,-56.0458","Tipo":null,"Unidade1":null,"Diretor":"-","Coordenador":null,"Secretário":null,"Endereco1":null,"CEP1":null,"Telefone1":null,"Email1":null,"obs":null,"FID_BAIRROS":2818,"NOMES_BAIRROS":"MORADA DA SERRA","CONTROLE_1":"REGIAO NORTE"},"geometry":{"type":"Point","coordinates":[-56.0458,-15.5703]}},
{"type":"Feature","properties":{"OBJECTID":123,"FID_Unidades_Escolares_V2":162,"ITEM":162.0,"UNIDADE":"EMEB TENENTE OCTACÍLIO SEBASTIÃO DA CRUZ","UNIDADE2":"EMEB Tenente Octacílio Sebastião da Cruz","EMAIL":"emeb.octacilio.cruz@sme.cuiaba.mt.gov.br","ENDEREÇO":"RUA QUARENTA E SEIS (NUC HAB CPA III), 31 - BAIRRO MORADA DA SERRA, Cuiabá/MT - CEP: 78058450.","REGIONAL":"Norte","CODIGO_INEP":51037440.0,"LATITUDE":-15.5697,"LONGITUDE":-56.0422,"LINK1":"https://www.google.com/maps?q=-15.5697,-56.0422","LINK":"https://www.google.com/maps?q=-15.5697,-56.0422","Tipo":null,"Unidade1":null,"Diretor":"-","Coordenador":null,"Secretário":null,"Endereco1":null,"CEP1":null,"Telefone1":null,"Email1":null,"obs":null,"FID_BAIRROS":2818,"NOMES_BAIRROS":"MORADA DA SERRA","CONTROLE_1":"REGIAO NORTE"},"geometry":{"type":"Point","coordinates":[-56.0422,-15.5697]}},
{"type":"Feature","properties":{"OBJECTID":124,"FID_Unidades_Escolares_V2":106,"ITEM":106.0,"UNIDADE":"EMEB GLAUCIA MARIA BORGES GARCIA","UNIDADE2":"EMEB Glaucia Maria Borges Garcia","EMAIL":"emeb.glaucia.garcia@sme.cuiaba.mt.gov.br","ENDEREÇO":"TRAVESSA AFONSO PENNA, 2220 - BAIRRO DESPRAIADO, Cuiabá/MT - CEP: 78048006.","REGIONAL":"Oeste","CODIGO_INEP":51036991.0,"LATITUDE":-15.5687,"LONGITUDE":-56.0971,"LINK1":"https://www.google.com/maps?q=-15.5687,-56.0971","LINK":"https://www.google.com/maps?q=-15.5687,-56.0971","Tipo":null,"Unidade1":null,"Diretor":"-","Coordenador":null,"Secretário":null,"Endereco1":null,"CEP1":null,"Telefone1":null,"Email1":null,"obs":null,"FID_BAIRROS":2815,"NOMES_BAIRROS":"DESPRAIADO","CONTROLE_1":"REGIAO OESTE"},"geometry":{"type":"Point","coordinates":[-56.0971,-15.5687]}},
{"type":"Feature","properties":{"OBJECTID":125,"FID_Unidades_Escolares_V2":82,"ITEM":82.0,"UNIDADE":"CRECHE PROFESSOR JOÃO CRISÓSTOMO DE FIGUEIREDO","UNIDADE2":"Creche Professor João Crisóstomo de Figueiredo","EMAIL":"creche.joao.figueiredo@sme.cuiaba.mt.gov.br","ENDEREÇO":"RUA BAKAIRI, 20 - BAIRRO DOUTOR FABIO LEITE, Cuiabá/MT - CEP: 78052015.","REGIONAL":"Leste","CODIGO_INEP":51093863.0,"LATITUDE":-15.5683,"LONGITUDE":-56.0252,"LINK1":"https://www.google.com/maps?q=-15.5683,-56.0252","LINK":"https://www.google.com/maps?q=-15.5683,-56.0252","Tipo":null,"Unidade1":null,"Diretor":"-","Coordenador":null,"Secretário":null,"Endereco1":null,"CEP1":null,"Telefone1":null,"Email1":null,"obs":null,"FID_BAIRROS":2156,"NOMES_BAIRROS":"ÁREAS DE EXPANSÃO URBANA - REGIÃO LESTE","CONTROLE_1":"REGIAO LESTE"},"geometry":{"type":"Point","coordinates":[-56.0252,-15.5683]}},
{"type":"Feature","properties":{"OBJECTID":126,"FID_Unidades_Escolares_V2":127,"ITEM":127.0,"UNIDADE":"EMEB NOSSA SENHORA APARECIDA","UNIDADE2":"EMEB Nossa Senhora Aparecida","EMAIL":"emeb.nossa.aparecida@sme.cuiaba.mt.gov.br","ENDEREÇO":"RUA FREI QUERINO, 222 - BAIRRO NOVO COLORADO, Cuiabá/MT - CEP: 78042580.","REGIONAL":"Oeste","CODIGO_INEP":51058782.0,"LATITUDE":-15.5663,"LONGITUDE":-56.1167,"LINK1":"https://www.google.com/maps?q=-15.5663,-56.1167","LINK":"https://www.google.com/maps?q=-15.5663,-56.1167","Tipo":null,"Unidade1":null,"Diretor":"-","Coordenador":null,"Secretário":null,"Endereco1":null,"CEP1":null,"Telefone1":null,"Email1":null,"obs":null,"FID_BAIRROS":2154,"NOMES_BAIRROS":"NOVO COLORADO","CONTROLE_1":"REGIAO OESTE"},"geometry":{"type":"Point","coordinates":[-56.1167,-15.5663]}},
{"type":"Feature","properties":{"OBJECTID":127,"FID_Unidades_Escolares_V2":31,"ITEM":31.0,"UNIDADE":"CEIC MARIA DE FIGUEIREDO NUNES","UNIDADE2":"CEIC Maria de Figueiredo Nunes","EMAIL":"creche.maria.nunes@sme.cuiaba.mt.gov.br","ENDEREÇO":"RUA FREI QUERINO, 225 - BAIRRO NOVO COLORADO, Cuiabá/MT - CEP: 78042580.","REGIONAL":"Oeste","CODIGO_INEP":51091208.0,"LATITUDE":-15.566,"LONGITUDE":-56.1168,"LINK1":"https://www.google.com/maps?q=-15.566,-56.1168","LINK":"https://www.google.com/maps?q=-15.566,-56.1168","Tipo":null,"Unidade1":null,"Diretor":"-","Coordenador":null,"Secretário":null,"Endereco1":null,"CEP1":null,"Telefone1":null,"Email1":null,"obs":null,"FID_BAIRROS":2154,"NOMES_BAIRROS":"NOVO COLORADO","CONTROLE_1":"REGIAO OESTE"},"geometry":{"type":"Point","coordinates":[-56.1168,-15.566]}},
{"type":"Feature","properties":{"OBJECTID":128,"FID_Unidades_Escolares_V2":32,"ITEM":32.0,"UNIDADE":"CEIC MARIA EUNICE DUARTE DE BARROS","UNIDADE2":"CEIC Maria Eunice Duarte de Barros","EMAIL":"ceic.maria.barros@sme.cuiaba.mt.gov.br","ENDEREÇO":"RUA G, 03 - BAIRRO CENTRO POLITICO ADMINISTRATIVO, Cuiabá/MT - CEP: 78049030.","REGIONAL":"Norte","CODIGO_INEP":51070979.0,"LATITUDE":-15.5659,"LONGITUDE":-56.0684,"LINK1":"https://www.google.com/maps?q=-15.5659,-56.0684","LINK":"https://www.google.com/maps?q=-15.5659,-56.0684","Tipo":null,"Unidade1":null,"Diretor":"-","Coordenador":null,"Secretário":null,"Endereco1":null,"CEP1":null,"Telefone1":null,"Email1":null,"obs":null,"FID_BAIRROS":2164,"NOMES_BAIRROS":"CENTRO POLÍTICO ADMINISTRATIVO","CONTROLE_1":"REGIAO NORTE"},"geometry":{"type":"Point","coordinates":[-56.0684,-15.5659]}},
{"type":"Feature","properties":{"OBJECTID":129,"FID_Unidades_Escolares_V2":45,"ITEM":45.0,"UNIDADE":"CEIC RENISEA GUILERMETT BARUA","UNIDADE2":"CEIC Renisea Guilermett Barua","EMAIL":"creche.renisea.barua@sme.cuiaba.mt.gov.br","ENDEREÇO":"RUA C (LOT JD VL REAL), S/N - BAIRRO DESPRAIADO, Cuiabá/MT - CEP: 78048720.","REGIONAL":"Oeste","CODIGO_INEP":51094908.0,"LATITUDE":-15.5652,"LONGITUDE":-56.0953,"LINK1":"https://www.google.com/maps?q=-15.5652,-56.0953","LINK":"https://www.google.com/maps?q=-15.5652,-56.0953","Tipo":null,"Unidade1":null,"Diretor":"-","Coordenador":null,"Secretário":null,"Endereco1":null,"CEP1":null,"Telefone1":null,"Email1":null,"obs":null,"FID_BAIRROS":2815,"NOMES_BAIRROS":"DESPRAIADO","CONTROLE_1":"REGIAO OESTE"},"geometry":{"type":"Point","coordinates":[-56.0953,-15.5652]}},
{"type":"Feature","properties":{"OBJECTID":130,"FID_Unidades_Escolares_V2":100,"ITEM":100.0,"UNIDADE":"EMEB DOUTOR FÁBIO FIRMINO LEITE","UNIDADE2":"EMEB Doutor Fábio Firmino Leite","EMAIL":"emeb.fabio.leite@sme.cuiaba.mt.gov.br","ENDEREÇO":"RUA BAHIA ,QUADRA 58, S/N - BAIRRO DR FABIO, Cuiabá/MT - CEP: 78015285.","REGIONAL":"Leste","CODIGO_INEP":51088487.0,"LATITUDE":-15.5652,"LONGITUDE":-56.018,"LINK1":"https://www.google.com/maps?q=-15.5652,-56.018","LINK":"https://www.google.com/maps?q=-15.5652,-56.018","Tipo":null,"Unidade1":null,"Diretor":"-","Coordenador":null,"Secretário":null,"Endereco1":null,"CEP1":null,"Telefone1":null,"Email1":null,"obs":null,"FID_BAIRROS":2156,"NOMES_BAIRROS":"ÁREAS DE EXPANSÃO URBANA - REGIÃO LESTE","CONTROLE_1":"REGIAO LESTE"},"geometry":{"type":"Point","coordinates":[-56.018,-15.5652]}},
{"type":"Feature","properties":{"OBJECTID":131,"FID_Unidades_Escolares_V2":14,"ITEM":14.0,"UNIDADE":"CEIC FRANCISCO SANTANA","UNIDADE2":"CEIC Francisco Santana","EMAIL":"creche.francisco.santana@sme.cuiaba.mt.gov.br","ENDEREÇO":"RUA BERNARDO ANTONIO DE OLIVEIRA NETO, 1503 - BAIRRO RIBEIRAO DO LIPA, Cuiabá/MT - CEP: 78048182.","REGIONAL":"Oeste","CODIGO_INEP":51112809.0,"LATITUDE":-15.5639,"LONGITUDE":-56.1081,"LINK1":"https://www.google.com/maps?q=-15.5639,-56.1081","LINK":"https://www.google.com/maps?q=-15.5639,-56.1081","Tipo":"CEIC","Unidade1":"CEIC Francisco Santana","Diretor":"Joelma Ribeiro Lobo dos Santos","Coordenador":"Dulce Antonia de Jesus Balieiro","Secretário":"0","Endereco1":"R. Bernardo Antonio de Oliveira Neto, 1503 – Ribeirão do Lipa","CEP1":"78048-182","Telefone1":"(65) 99232-7614","Email1":"creche.francisco.santana@sme.cuiaba.mt.gov.br","obs":0.0,"FID_BAIRROS":2158,"NOMES_BAIRROS":"RIBEIRÃO DO LIPA","CONTROLE_1":"REGIAO OESTE"},"geometry":{"type":"Point","coordinates":[-56.1081,-15.5639]}},
{"type":"Feature","properties":{"OBJECTID":132,"FID_Unidades_Escolares_V2":73,"ITEM":73.0,"UNIDADE":"CMEI NÉVIO LOTUFO","UNIDADE2":"CMEI Névio Lotufo","EMAIL":"cmei.neviolotufo@sme.cuiaba.mt.gov.br","ENDEREÇO":"RUA NOVE, SN - BAIRRO CENTRO AMERICA, Cuiabá/MT - CEP: 78053795.","REGIONAL":"Norte","CODIGO_INEP":51067404.0,"LATITUDE":-15.5626,"LONGITUDE":-56.0601,"LINK1":"https://www.google.com/maps?q=-15.5626,-56.0601","LINK":"https://www.google.com/maps?q=-15.5626,-56.0601","Tipo":null,"Unidade1":null,"Diretor":"-","Coordenador":null,"Secretário":null,"Endereco1":null,"CEP1":null,"Telefone1":null,"Email1":null,"obs":null,"FID_BAIRROS":2164,"NOMES_BAIRROS":"CENTRO POLÍTICO ADMINISTRATIVO","CONTROLE_1":"REGIAO NORTE"},"geometry":{"type":"Point","coordinates":[-56.0601,-15.5626]}},
{"type":"Feature","properties":{"OBJECTID":133,"FID_Unidades_Escolares_V2":96,"ITEM":96.0,"UNIDADE":"EMEB CORONEL OCTAYDE JORGE DA SILVA","UNIDADE2":"EMEB Coronel Octayde Jorge da Silva","EMAIL":"emeb.octayde.silva@sme.cuiaba.mt.gov.br","ENDEREÇO":"RUA JUARA, 01 - BAIRRO TANCREDO NEVES, Cuiabá/MT - CEP: 78055528.","REGIONAL":"Norte","CODIGO_INEP":51036894.0,"LATITUDE":-15.5615,"LONGITUDE":-56.0489,"LINK1":"https://www.google.com/maps?q=-15.5615,-56.0489","LINK":"https://www.google.com/maps?q=-15.5615,-56.0489","Tipo":null,"Unidade1":null,"Diretor":"-","Coordenador":null,"Secretário":null,"Endereco1":null,"CEP1":null,"Telefone1":null,"Email1":null,"obs":null,"FID_BAIRROS":2818,"NOMES_BAIRROS":"MORADA DA SERRA","CONTROLE_1":"REGIAO NORTE"},"geometry":{"type":"Point","coordinates":[-56.0489,-15.5615]}},
{"type":"Feature","properties":{"OBJECTID":134,"FID_Unidades_Escolares_V2":123,"ITEM":123.0,"UNIDADE":"EMEB MARIA TOMICH MONTEIRO DA SILVA","UNIDADE2":"EMEB Maria Tomich Monteiro da Silva","EMAIL":"emeb.maria.silva@sme.cuiaba.mt.gov.br","ENDEREÇO":"AVENIDA MARIO PALMA, 30 - BAIRRO RIBEIRAO DO LIPA, Cuiabá/MT - CEP: 78048145.","REGIONAL":"Oeste","CODIGO_INEP":51037181.0,"LATITUDE":-15.5614,"LONGITUDE":-56.1131,"LINK1":"https://www.google.com/maps?q=-15.5614,-56.1131","LINK":"https://www.google.com/maps?q=-15.5614,-56.1131","Tipo":null,"Unidade1":null,"Diretor":"-","Coordenador":null,"Secretário":null,"Endereco1":null,"CEP1":null,"Telefone1":null,"Email1":null,"obs":null,"FID_BAIRROS":2154,"NOMES_BAIRROS":"NOVO COLORADO","CONTROLE_1":"REGIAO OESTE"},"geometry":{"type":"Point","coordinates":[-56.1131,-15.5614]}},
{"type":"Feature","properties":{"OBJECTID":135,"FID_Unidades_Escolares_V2":16,"ITEM":16.0,"UNIDADE":"CEIC INOCÊNCIO LEOCÁDIO DA ROSA","UNIDADE2":"CEIC Inocêncio Leocádio da Rosa","EMAIL":"creche.inocencio.rosa@sme.cuiaba.mt.gov.br","ENDEREÇO":"RUA F, S/N - BAIRRO RESIDENCIAL PAIAGUAS, Cuiabá/MT - CEP: 78048252.","REGIONAL":"Norte","CODIGO_INEP":51093944.0,"LATITUDE":-15.5602,"LONGITUDE":-56.083,"LINK1":"https://www.google.com/maps?q=-15.5602,-56.083","LINK":"https://www.google.com/maps?q=-15.5602,-56.083","Tipo":"CEIC","Unidade1":"CEIC Inocêncio Leocádio da Rosa","Diretor":"Benedito Cedronias de Almeida","Coordenador":"Danielle Aparecida dos Santos Queiros","Secretário":"0","Endereco1":"R. F, S/N – Residencial Paiaguás","CEP1":"78048-252","Telefone1":"(65) 99271-3013","Email1":"creche.inocencio.rosa@sme.cuiaba.mt.gov.br","obs":0.0,"FID_BAIRROS":2157,"NOMES_BAIRROS":"PAIAGUÁS","CONTROLE_1":"REGIAO NORTE"},"geometry":{"type":"Point","coordinates":[-56.083,-15.5602]}},
{"type":"Feature","properties":{"OBJECTID":136,"FID_Unidades_Escolares_V2":61,"ITEM":61.0,"UNIDADE":"CMEI ANTONIO MARCOS RUZZENE BALBINO","UNIDADE2":"CMEI Antonio Marcos Ruzzene Balbino","EMAIL":"cmei.mrbalbino@sme.cuiaba.mt.gov.br","ENDEREÇO":"RUA E, S/N - BAIRRO RESIDENCIAL PAIAGUAS, Cuiabá/MT - CEP: 78048248.","REGIONAL":"Norte","CODIGO_INEP":51067285.0,"LATITUDE":-15.5601,"LONGITUDE":-56.0778,"LINK1":"https://www.google.com/maps?q=-15.5601,-56.0778","LINK":"https://www.google.com/maps?q=-15.5601,-56.0778","Tipo":null,"Unidade1":null,"Diretor":"-","Coordenador":null,"Secretário":null,"Endereco1":null,"CEP1":null,"Telefone1":null,"Email1":null,"obs":null,"FID_BAIRROS":2164,"NOMES_BAIRROS":"CENTRO POLÍTICO ADMINISTRATIVO","CONTROLE_1":"REGIAO NORTE"},"geometry":{"type":"Point","coordinates":[-56.0778,-15.5601]}},
{"type":"Feature","properties":{"OBJECTID":137,"FID_Unidades_Escolares_V2":72,"ITEM":72.0,"UNIDADE":"CMEI MARIA CONCEIÇÃO OLIVEIRA DE SOUZA","UNIDADE2":"CMEI Maria Conceição Oliveira de Souza","EMAIL":"cmei.conceicao.souza@sme.cuiaba.mt.gov.br","ENDEREÇO":"RUA CENTO E CINQUENTA E TRES, S/N - BAIRRO CPA IV, Cuiabá/MT - CEP: 78058226.","REGIONAL":"Norte","CODIGO_INEP":51068079.0,"LATITUDE":-15.5598,"LONGITUDE":-56.0298,"LINK1":"https://www.google.com/maps?q=-15.5598,-56.0298","LINK":"https://www.google.com/maps?q=-15.5598,-56.0298","Tipo":null,"Unidade1":null,"Diretor":"-","Coordenador":null,"Secretário":null,"Endereco1":null,"CEP1":null,"Telefone1":null,"Email1":null,"obs":null,"FID_BAIRROS":2818,"NOMES_BAIRROS":"MORADA DA SERRA","CONTROLE_1":"REGIAO NORTE"},"geometry":{"type":"Point","coordinates":[-56.0298,-15.5598]}},
{"type":"Feature","properties":{"OBJECTID":138,"FID_Unidades_Escolares_V2":122,"ITEM":122.0,"UNIDADE":"EMEB MARIA LUCILA DA SILVA BARROS","UNIDADE2":"EMEB Maria Lucila da Silva Barros","EMAIL":"emeb.lucila.barros@sme.cuiaba.mt.gov.br","ENDEREÇO":"RUA PRINCIPAL, 90 - BAIRRO JARDIM UBIRAJARA, Cuiabá/MT - CEP: 78048100.","REGIONAL":"Oeste","CODIGO_INEP":51062887.0,"LATITUDE":-15.5595,"LONGITUDE":-56.0908,"LINK1":"https://www.google.com/maps?q=-15.5595,-56.0908","LINK":"https://www.google.com/maps?q=-15.5595,-56.0908","Tipo":null,"Unidade1":null,"Diretor":"-","Coordenador":null,"Secretário":null,"Endereco1":null,"CEP1":null,"Telefone1":null,"Email1":null,"obs":null,"FID_BAIRROS":2159,"NOMES_BAIRROS":"JARDIM UBIRAJARA","CONTROLE_1":"REGIAO OESTE"},"geometry":{"type":"Point","coordinates":[-56.0908,-15.5595]}},
{"type":"Feature","properties":{"OBJECTID":139,"FID_Unidades_Escolares_V2":136,"ITEM":136.0,"UNIDADE":"EMEB PROFESSOR FIRMO JOSÉ RODRIGUES","UNIDADE2":"EMEB Professor Firmo José Rodrigues","EMAIL":"emeb.firmo.rodrigues@sme.cuiaba.mt.gov.br","ENDEREÇO":"AVENIDA PRINCIPAL, S/N - BAIRRO TRES BARRAS, Cuiabá/MT - CEP: 78015285.","REGIONAL":"Norte","CODIGO_INEP":51037327.0,"LATITUDE":-15.5579,"LONGITUDE":-56.0252,"LINK1":"https://www.google.com/maps?q=-15.5579,-56.0252","LINK":"https://www.google.com/maps?q=-15.5579,-56.0252","Tipo":"EMEB","Unidade1":"EMEB Professor Firmo José Rodrigues","Diretor":"Bernardino Leoncio de Arruda","Coordenador":"Daniela Aparecida Bernardino; Grazielle Queiroz Versalli","Secretário":"Rosângela Maria Amaral da Costa Sena","Endereco1":"Rua Nove s/nº – Bairro: Três Barras","CEP1":"0","Telefone1":"(65) 99812-3133","Email1":"emeb.firmo.rodrigues@sme.cuiaba.mt.gov.br","obs":0.0,"FID_BAIRROS":2161,"NOMES_BAIRROS":"TRÊS BARRAS","CONTROLE_1":"REGIAO NORTE"},"geometry":{"type":"Point","coordinates":[-56.0252,-15.5579]}},
{"type":"Feature","properties":{"OBJECTID":140,"FID_Unidades_Escolares_V2":75,"ITEM":75.0,"UNIDADE":"CMEI PREFEITO DANTE MARTINS DE OLIVEIRA","UNIDADE2":"CMEI Prefeito Dante Martins de Oliveira","EMAIL":"cmei.dante.oliveira@sme.cuiaba.mt.gov.br","ENDEREÇO":"RUA VINTE E NOVE, SN - BAIRRO TRES BARRAS, Cuiabá/MT - CEP: 78058567.","REGIONAL":"Norte","CODIGO_INEP":51068060.0,"LATITUDE":-15.5578,"LONGITUDE":-56.0252,"LINK1":"https://www.google.com/maps?q=-15.5578,-56.0252","LINK":"https://www.google.com/maps?q=-15.5578,-56.0252","Tipo":null,"Unidade1":null,"Diretor":"-","Coordenador":null,"Secretário":null,"Endereco1":null,"CEP1":null,"Telefone1":null,"Email1":null,"obs":null,"FID_BAIRROS":2161,"NOMES_BAIRROS":"TRÊS BARRAS","CONTROLE_1":"REGIAO NORTE"},"geometry":{"type":"Point","coordinates":[-56.0252,-15.5578]}},
{"type":"Feature","properties":{"OBJECTID":141,"FID_Unidades_Escolares_V2":58,"ITEM":58.0,"UNIDADE":"CEIC WILMON FERREIRA DE SOUZA","UNIDADE2":"CEIC Wilmon Ferreira de Souza","EMAIL":"creche.wilmon.souza@sme.cuiaba.mt.gov.br","ENDEREÇO":"RUA TREZE, 220 - BAIRRO TRES BARRAS, Cuiabá/MT - CEP: 78058549.","REGIONAL":"Norte","CODIGO_INEP":51063140.0,"LATITUDE":-15.557,"LONGITUDE":-56.0258,"LINK1":"https://www.google.com/maps?q=-15.557,-56.0258","LINK":"https://www.google.com/maps?q=-15.557,-56.0258","Tipo":null,"Unidade1":null,"Diretor":"-","Coordenador":null,"Secretário":null,"Endereco1":null,"CEP1":null,"Telefone1":null,"Email1":null,"obs":null,"FID_BAIRROS":2161,"NOMES_BAIRROS":"TRÊS BARRAS","CONTROLE_1":"REGIAO NORTE"},"geometry":{"type":"Point","coordinates":[-56.0258,-15.557]}},
{"type":"Feature","properties":{"OBJECTID":142,"FID_Unidades_Escolares_V2":40,"ITEM":40.0,"UNIDADE":"CEIC PLÁCIDO FLAVIANO CURVO FILHO","UNIDADE2":"CEIC Plácido Flaviano Curvo Filho","EMAIL":"ceic.placido.filho@sme.cuiaba.mt.gov.br","ENDEREÇO":"Av. Joinville, S/N - Ouro Fino, Cuiabá - MT, 78055-090","REGIONAL":"Norte","CODIGO_INEP":51073080.0,"LATITUDE":-15.556,"LONGITUDE":-56.0566,"LINK1":"https://www.google.com/maps?q=-15.556,-56.0566","LINK":"https://www.google.com/maps?q=-15.556,-56.0566","Tipo":null,"Unidade1":null,"Diretor":"-","Coordenador":null,"Secretário":null,"Endereco1":null,"CEP1":null,"Telefone1":null,"Email1":null,"obs":null,"FID_BAIRROS":2818,"NOMES_BAIRROS":"MORADA DA SERRA","CONTROLE_1":"REGIAO NORTE"},"geometry":{"type":"Point","coordinates":[-56.0566,-15.556]}},
{"type":"Feature","properties":{"OBJECTID":143,"FID_Unidades_Escolares_V2":38,"ITEM":38.0,"UNIDADE":"CEIC NASLA JOAQUIM ASCHAR","UNIDADE2":"CEIC Nasla Joaquim Aschar","EMAIL":"ceic.nasla.aschar@sme.cuiaba.mt.gov.br","ENDEREÇO":"AVENIDA HISTORIADOR RUBENS DE MENDONCA, 5885 - BAIRRO MORADA DA SERRA, Cuiabá/MT - CEP: 78055000.","REGIONAL":"Norte","CODIGO_INEP":51070677.0,"LATITUDE":-15.5524,"LONGITUDE":-56.0564,"LINK1":"https://www.google.com/maps?q=-15.5524,-56.0564","LINK":"https://www.google.com/maps?q=-15.5524,-56.0564","Tipo":null,"Unidade1":null,"Diretor":"-","Coordenador":null,"Secretário":null,"Endereco1":null,"CEP1":null,"Telefone1":null,"Email1":null,"obs":null,"FID_BAIRROS":2164,"NOMES_BAIRROS":"CENTRO POLÍTICO ADMINISTRATIVO","CONTROLE_1":"REGIAO NORTE"},"geometry":{"type":"Point","coordinates":[-56.0564,-15.5524]}},
{"type":"Feature","properties":{"OBJECTID":144,"FID_Unidades_Escolares_V2":153,"ITEM":153.0,"UNIDADE":"EMEB RAFAEL RUEDA","UNIDADE2":"EMEB Rafael Rueda","EMAIL":"emeb.rafael.rueda@sme.cuiaba.mt.gov.br","ENDEREÇO":"AVENIDA PRINCIPAL, S/N - BAIRRO JARDIM UMUARAMA, Cuiabá/MT - CEP: 78015285.","REGIONAL":"Norte","CODIGO_INEP":51038692.0,"LATITUDE":-15.5518,"LONGITUDE":-56.0252,"LINK1":"https://www.google.com/maps?q=-15.5518,-56.0252","LINK":"https://www.google.com/maps?q=-15.5518,-56.0252","Tipo":null,"Unidade1":null,"Diretor":"-","Coordenador":null,"Secretário":null,"Endereco1":null,"CEP1":null,"Telefone1":null,"Email1":null,"obs":null,"FID_BAIRROS":2161,"NOMES_BAIRROS":"TRÊS BARRAS","CONTROLE_1":"REGIAO NORTE"},"geometry":{"type":"Point","coordinates":[-56.0252,-15.5518]}},
{"type":"Feature","properties":{"OBJECTID":145,"FID_Unidades_Escolares_V2":43,"ITEM":43.0,"UNIDADE":"CEIC PROFESSORA LUCIENE FERREIRA DE OLIVEIRA","UNIDADE2":"CEIC Professora Luciene Ferreira de Oliveira","EMAIL":"creche.jardim.umuarama@sme.cuiaba.mt.gov.br","ENDEREÇO":"RUA TRES, S/N - BAIRRO JARDIM UMUARAMA II, Cuiabá/MT - CEP: 78058597.","REGIONAL":"Norte","CODIGO_INEP":51093030.0,"LATITUDE":-15.5504,"LONGITUDE":-56.0254,"LINK1":"https://www.google.com/maps?q=-15.5504,-56.0254","LINK":"https://www.google.com/maps?q=-15.5504,-56.0254","Tipo":null,"Unidade1":null,"Diretor":"-","Coordenador":null,"Secretário":null,"Endereco1":null,"CEP1":null,"Telefone1":null,"Email1":null,"obs":null,"FID_BAIRROS":2161,"NOMES_BAIRROS":"TRÊS BARRAS","CONTROLE_1":"REGIAO NORTE"},"geometry":{"type":"Point","coordinates":[-56.0254,-15.5504]}},
{"type":"Feature","properties":{"OBJECTID":146,"FID_Unidades_Escolares_V2":98,"ITEM":98.0,"UNIDADE":"EMEB DEPUTADO ULISSES SILVEIRA GUIMARÃES","UNIDADE2":"EMEB Deputado Ulisses Silveira Guimarães","EMAIL":"emeb.ulisses.guimaraes@sme.cuiaba.mt.gov.br","ENDEREÇO":"RUA SETE DE SETEMBRO, S/N - BAIRRO OURO FINO, Cuiabá/MT - CEP: 78005040.","REGIONAL":"Norte","CODIGO_INEP":51058766.0,"LATITUDE":-15.5503,"LONGITUDE":-56.0506,"LINK1":"https://www.google.com/maps?q=-15.5503,-56.0506","LINK":"https://www.google.com/maps?q=-15.5503,-56.0506","Tipo":null,"Unidade1":null,"Diretor":"-","Coordenador":null,"Secretário":null,"Endereco1":null,"CEP1":null,"Telefone1":null,"Email1":null,"obs":null,"FID_BAIRROS":2818,"NOMES_BAIRROS":"MORADA DA SERRA","CONTROLE_1":"REGIAO NORTE"},"geometry":{"type":"Point","coordinates":[-56.0506,-15.5503]}},
{"type":"Feature","properties":{"OBJECTID":147,"FID_Unidades_Escolares_V2":39,"ITEM":39.0,"UNIDADE":"CEIC PADRE ARMANDO CAVALLO","UNIDADE2":"CEIC Padre Armando Cavallo","EMAIL":"creche.armando.cavallo@sme.cuiaba.mt.gov.br","ENDEREÇO":"AVENIDA MARIA AUXILIADORA GRISSOLIA, SN - BAIRRO PRIMEIRO DE MARCO, Cuiabá/MT - CEP: 78058645.","REGIONAL":"Norte","CODIGO_INEP":51091216.0,"LATITUDE":-15.549,"LONGITUDE":-56.0322,"LINK1":"https://www.google.com/maps?q=-15.549,-56.0322","LINK":"https://www.google.com/maps?q=-15.549,-56.0322","Tipo":null,"Unidade1":null,"Diretor":"-","Coordenador":null,"Secretário":null,"Endereco1":null,"CEP1":null,"Telefone1":null,"Email1":null,"obs":null,"FID_BAIRROS":2162,"NOMES_BAIRROS":"PRIMEIRO DE MARÇO","CONTROLE_1":"REGIAO NORTE"},"geometry":{"type":"Point","coordinates":[-56.0322,-15.549]}},
{"type":"Feature","properties":{"OBJECTID":148,"FID_Unidades_Escolares_V2":7,"ITEM":7.0,"UNIDADE":"CEIC CAIC ELDORADO","UNIDADE2":"CEIC CAIC Eldorado","EMAIL":"creche.caic.eldorado@sme.cuiaba.mt.gov.br","ENDEREÇO":"RUA UM, 1 - BAIRRO JARDIM ELDORADO, Cuiabá/MT - CEP: 78051416.","REGIONAL":"Leste","CODIGO_INEP":51063131.0,"LATITUDE":-15.5487,"LONGITUDE":-56.0259,"LINK1":"https://www.google.com/maps?q=-15.5487,-56.0259","LINK":"https://www.google.com/maps?q=-15.5487,-56.0259","Tipo":"CEIC","Unidade1":"CEIC CAIC Eldorado","Diretor":"Nair Machado Mazeto","Coordenador":"Glaucia Fernandes das Neves","Secretário":"0","Endereco1":"R. 6C, S/N – Jardim Eldorado","CEP1":"78051-414","Telefone1":"(65) 3021-6666","Email1":"creche.caic.eldorado@sme.cuiaba.mt.gov.br","obs":0.0,"FID_BAIRROS":2161,"NOMES_BAIRROS":"TRÊS BARRAS","CONTROLE_1":"REGIAO NORTE"},"geometry":{"type":"Point","coordinates":[-56.0259,-15.5487]}},
{"type":"Feature","properties":{"OBJECTID":149,"FID_Unidades_Escolares_V2":89,"ITEM":89.0,"UNIDADE":"EMEB ANTONIA TITA MACIEL DE CAMPOS","UNIDADE2":"EMEB Antonia Tita Maciel de Campos","EMAIL":"emeb.antonia.campos@sme.cuiaba.mt.gov.br","ENDEREÇO":"RUA SETE, S/N - BAIRRO JARDIM FLORIANOPOLIS, Cuiabá/MT - CEP: 78055824.","REGIONAL":"Norte","CODIGO_INEP":51036835.0,"LATITUDE":-15.5473,"LONGITUDE":-56.0798,"LINK1":"https://www.google.com/maps?q=-15.5473,-56.0798","LINK":"https://www.google.com/maps?q=-15.5473,-56.0798","Tipo":null,"Unidade1":null,"Diretor":"-","Coordenador":null,"Secretário":null,"Endereco1":null,"CEP1":null,"Telefone1":null,"Email1":null,"obs":null,"FID_BAIRROS":2165,"NOMES_BAIRROS":"JARDIM FLORIANÓPOLIS","CONTROLE_1":"REGIAO NORTE"},"geometry":{"type":"Point","coordinates":[-56.0798,-15.5473]}},
{"type":"Feature","properties":{"OBJECTID":150,"FID_Unidades_Escolares_V2":131,"ITEM":131.0,"UNIDADE":"EMEB PEDROSA MORAIS E SILVA","UNIDADE2":"EMEB Pedrosa Morais e Silva","EMAIL":"emeb.pedrosa.silva@sme.cuiaba.mt.gov.br","ENDEREÇO":"RUA C, S/N - BAIRRO NOVO PARAISO, Cuiabá/MT - CEP: 78055713.","REGIONAL":"Norte","CODIGO_INEP":51037203.0,"LATITUDE":-15.5473,"LONGITUDE":-56.0549,"LINK1":"https://www.google.com/maps?q=-15.5473,-56.0549","LINK":"https://www.google.com/maps?q=-15.5473,-56.0549","Tipo":"EMEB","Unidade1":"EMEB Pedrosa Morais e Silva","Diretor":"Francisleny Barros de Amorim","Coordenador":"Ducinea Tomas de Aquino","Secretário":"Alex Viegas dos Santos Cruz","Endereco1":"Rua C, Quadra 05 s/n - Bairro: Novo Paraíso","CEP1":"0","Telefone1":"(65) 99969-8958","Email1":"emeb.pedrosa.silva@sme.cuiaba.mt.gov.br","obs":0.0,"FID_BAIRROS":2166,"NOMES_BAIRROS":"NOVO PARAÍSO","CONTROLE_1":"REGIAO NORTE"},"geometry":{"type":"Point","coordinates":[-56.0549,-15.5473]}},
{"type":"Feature","properties":{"OBJECTID":151,"FID_Unidades_Escolares_V2":91,"ITEM":91.0,"UNIDADE":"EMEB ARISTOTELINO ALVES PRAEIRO","UNIDADE2":"EMEB Aristotelino Alves Praeiro","EMAIL":"emeb.aristotelino.praeiro@sme.cuiaba.mt.gov.br","ENDEREÇO":"RUA PROJETADA, S/N - BAIRRO 1 DE MARCO, Cuiabá/MT - CEP: 78015285.","REGIONAL":"Norte","CODIGO_INEP":51036851.0,"LATITUDE":-15.545,"LONGITUDE":-56.0325,"LINK1":"https://www.google.com/maps?q=-15.545,-56.0325","LINK":"https://www.google.com/maps?q=-15.545,-56.0325","Tipo":null,"Unidade1":null,"Diretor":"-","Coordenador":null,"Secretário":null,"Endereco1":null,"CEP1":null,"Telefone1":null,"Email1":null,"obs":null,"FID_BAIRROS":2162,"NOMES_BAIRROS":"PRIMEIRO DE MARÇO","CONTROLE_1":"REGIAO NORTE"},"geometry":{"type":"Point","coordinates":[-56.0325,-15.545]}},
{"type":"Feature","properties":{"OBJECTID":152,"FID_Unidades_Escolares_V2":114,"ITEM":114.0,"UNIDADE":"EMEB LENINE DE CAMPOS POVOAS","UNIDADE2":"EMEB Lenine de Campos Povoas","EMAIL":"emeb.lenine.povoas@sme.cuiaba.mt.gov.br","ENDEREÇO":"RUA SALGADO FILHO, 321 - BAIRRO JARDIM UNIÃO, Cuiabá/MT - CEP: 78010-280.","REGIONAL":"Norte","CODIGO_INEP":51064111.0,"LATITUDE":-15.5445,"LONGITUDE":-56.0753,"LINK1":"https://www.google.com/maps?q=-15.5445,-56.0753","LINK":"https://www.google.com/maps?q=-15.5445,-56.0753","Tipo":null,"Unidade1":null,"Diretor":"-","Coordenador":null,"Secretário":null,"Endereco1":null,"CEP1":null,"Telefone1":null,"Email1":null,"obs":null,"FID_BAIRROS":2164,"NOMES_BAIRROS":"CENTRO POLÍTICO ADMINISTRATIVO","CONTROLE_1":"REGIAO NORTE"},"geometry":{"type":"Point","coordinates":[-56.0753,-15.5445]}},
{"type":"Feature","properties":{"OBJECTID":153,"FID_Unidades_Escolares_V2":145,"ITEM":145.0,"UNIDADE":"EMEB PROFESSORA GRACILDES MELO DANTAS","UNIDADE2":"EMEB Professora Gracildes Melo Dantas","EMAIL":"emeb.gracildes.dantas@sme.cuiaba.mt.gov.br","ENDEREÇO":"RUA 15, QUADRA 60, S/N - BAIRRO ALTOS DA GLORIA, Cuiabá/MT - CEP: 78015285.","REGIONAL":"Norte","CODIGO_INEP":51060213.0,"LATITUDE":-15.5441,"LONGITUDE":-56.0201,"LINK1":"https://www.google.com/maps?q=-15.5441,-56.0201","LINK":"https://www.google.com/maps?q=-15.5441,-56.0201","Tipo":"EMEB","Unidade1":"EMEB Professora Gracildes Melo Dantas","Diretor":"Elizangela Maria Vieira da Conceição","Coordenador":"Tatielly Angeline Pires; Eronildes da Silva Magalhães","Secretário":"Simone Cristina Figueiredo Oliveira","Endereco1":"Rua 15 Q. 60 S/N, Altos da Glória","CEP1":"78070-550","Telefone1":"(65) 99930-5803","Email1":"emeb.gracildes.dantas@sme.cuiaba.mt.gov.br","obs":0.0,"FID_BAIRROS":2169,"NOMES_BAIRROS":"ÁREAS DE EXPANSÃO URBANA - REGIÃO NORTE","CONTROLE_1":"REGIAO NORTE"},"geometry":{"type":"Point","coordinates":[-56.0201,-15.5441]}},
{"type":"Feature","properties":{"OBJECTID":154,"FID_Unidades_Escolares_V2":3,"ITEM":3.0,"UNIDADE":"CEIC ALÊ GUILHERME ARFUX DA COSTA RIBEIRO","UNIDADE2":"CEIC Alê Guilherme Arfux da Costa Ribeiro","EMAIL":"creche.ale.ribeiro@sme.cuiaba.mt.gov.br","ENDEREÇO":"RUA RODRIGUES DE CAMPOS (LOT JD UNIAO), S/N - BAIRRO CENTRO POLITICO ADMINISTRATIVO, Cuiabá/MT - CEP: 78055859.","REGIONAL":"Norte","CODIGO_INEP":51094924.0,"LATITUDE":-15.5437,"LONGITUDE":-56.0755,"LINK1":"https://www.google.com/maps?q=-15.5437,-56.0755","LINK":"https://www.google.com/maps?q=-15.5437,-56.0755","Tipo":"CEIC","Unidade1":"CEIC ALÊ GUILHERME ARFUX DA COSTA RIBEIRO","Diretor":"Rejane de Fátima Bedin Silva","Coordenador":"Marivalda Araujo de Souza Pontes","Secretário":"0","Endereco1":"R. Rodrigues de Campos, Q. 14, LT. 01A – Centro Político Administrativo (Loteamento Jardim União, Ant J)","CEP1":"78055-859","Telefone1":"0","Email1":"creche.ale.ribeiro@sme.cuiaba.mt.gov.br","obs":0.0,"FID_BAIRROS":2164,"NOMES_BAIRROS":"CENTRO POLÍTICO ADMINISTRATIVO","CONTROLE_1":"REGIAO NORTE"},"geometry":{"type":"Point","coordinates":[-56.0755,-15.5437]}},
{"type":"Feature","properties":{"OBJECTID":155,"FID_Unidades_Escolares_V2":80,"ITEM":80.0,"UNIDADE":"CMEI SERGIO LUIZ FERREIRA DA SILVA - CMEI SERGINHO","UNIDADE2":"CMEI Sergio Luiz Ferreira da Silva - CMEI Serginho","EMAIL":"cmei.serginho@sme.cuiaba.mt.gov.br","ENDEREÇO":"RUA TRES, S/N - BAIRRO LOTEAMENTO JARDIM DAS AROEIRAS, Cuiabá/MT - CEP: 78056406.","REGIONAL":"Norte","CODIGO_INEP":51070707.0,"LATITUDE":-15.5427,"LONGITUDE":-56.0389,"LINK1":"https://www.google.com/maps?q=-15.5427,-56.0389","LINK":"https://www.google.com/maps?q=-15.5427,-56.0389","Tipo":null,"Unidade1":null,"Diretor":"-","Coordenador":null,"Secretário":null,"Endereco1":null,"CEP1":null,"Telefone1":null,"Email1":null,"obs":null,"FID_BAIRROS":2169,"NOMES_BAIRROS":"ÁREAS DE EXPANSÃO URBANA - REGIÃO NORTE","CONTROLE_1":"REGIAO NORTE"},"geometry":{"type":"Point","coordinates":[-56.0389,-15.5427]}},
{"type":"Feature","properties":{"OBJECTID":156,"FID_Unidades_Escolares_V2":69,"ITEM":69.0,"UNIDADE":"CMEI JORNALISTA PAULO MARIA FERREIRA LEITE","UNIDADE2":"CMEI Jornalista Paulo Maria Ferreira Leite","EMAIL":"cmei.paulo.leite@sme.cuiaba.mt.gov.br","ENDEREÇO":"AVENIDA PADRE JOSE TEN CATE, SN - BAIRRO JARDIM VITORIA, Cuiabá/MT - CEP: 78055732.","REGIONAL":"Norte","CODIGO_INEP":51068117.0,"LATITUDE":-15.5419,"LONGITUDE":-56.0676,"LINK1":"https://www.google.com/maps?q=-15.5419,-56.0676","LINK":"https://www.google.com/maps?q=-15.5419,-56.0676","Tipo":null,"Unidade1":null,"Diretor":"-","Coordenador":null,"Secretário":null,"Endereco1":null,"CEP1":null,"Telefone1":null,"Email1":null,"obs":null,"FID_BAIRROS":2167,"NOMES_BAIRROS":"JARDIM VITÓRIA","CONTROLE_1":"REGIAO NORTE"},"geometry":{"type":"Point","coordinates":[-56.0676,-15.5419]}},
{"type":"Feature","properties":{"OBJECTID":157,"FID_Unidades_Escolares_V2":74,"ITEM":74.0,"UNIDADE":"CMEI PAULO RONAN FERRAZ SANTOS","UNIDADE2":"CMEI Paulo Ronan Ferraz Santos","EMAIL":"cmei.paulo.ronan@sme.cuiaba.mt.gov.br","ENDEREÇO":"RUA I, S/N - BAIRRO RESIDENCIAL ILZA THEREZINHA PICOLI PAGOT, Cuiabá/MT - CEP: 78056716.","REGIONAL":"Norte","CODIGO_INEP":51068087.0,"LATITUDE":-15.5402,"LONGITUDE":-56.0334,"LINK1":"https://www.google.com/maps?q=-15.5402,-56.0334","LINK":"https://www.google.com/maps?q=-15.5402,-56.0334","Tipo":null,"Unidade1":null,"Diretor":"-","Coordenador":null,"Secretário":null,"Endereco1":null,"CEP1":null,"Telefone1":null,"Email1":null,"obs":null,"FID_BAIRROS":2169,"NOMES_BAIRROS":"ÁREAS DE EXPANSÃO URBANA - REGIÃO NORTE","CONTROLE_1":"REGIAO NORTE"},"geometry":{"type":"Point","coordinates":[-56.0334,-15.5402]}},
{"type":"Feature","properties":{"OBJECTID":158,"FID_Unidades_Escolares_V2":128,"ITEM":128.0,"UNIDADE":"EMEB ORZINA DE AMORIM SOARES","UNIDADE2":"EMEB Orzina de Amorim Soares","EMAIL":"emeb.orzina.soares@sme.cuiaba.mt.gov.br","ENDEREÇO":"AVENIDA JOSE ESTEVAO TORQUATO DA SILVA, SN - BAIRRO JRDIM VITORIA, Cuiabá/MT - CEP: 78055731.","REGIONAL":"Norte","CODIGO_INEP":51088541.0,"LATITUDE":-15.5385,"LONGITUDE":-56.0681,"LINK1":"https://www.google.com/maps?q=-15.5385,-56.0681","LINK":"https://www.google.com/maps?q=-15.5385,-56.0681","Tipo":"EMEB","Unidade1":"EMEB Orzina de Amorim Soares","Diretor":"Marta Izabel de Oliveira e Silva","Coordenador":"Elisângela Ourives Pouso","Secretário":"Dalvaci Ghisi Junior","Endereco1":"Avenida Cel. José Estevão Torquato S/N - Jd. Vitória","CEP1":"78058-000","Telefone1":"(65) 3313-3203","Email1":"emeb.orzina.soares@sme.cuiaba.mt.gov","obs":null,"FID_BAIRROS":2168,"NOMES_BAIRROS":"ÁREAS DE EXPANSÃO URBANA - REGIÃO NORTE","CONTROLE_1":"REGIAO NORTE"},"geometry":{"type":"Point","coordinates":[-56.0681,-15.5385]}},
{"type":"Feature","properties":{"OBJECTID":159,"FID_Unidades_Escolares_V2":33,"ITEM":33.0,"UNIDADE":"CEIC MARIA LÍGIA BORGES GARCIA","UNIDADE2":"CEIC Maria Lígia Borges Garcia","EMAIL":"creche.maria.garcia@sme.cuiaba.mt.gov.br","ENDEREÇO":"RUA VINTE E NOVE, S/N - BAIRRO JARDIM VITORIA, Cuiabá/MT - CEP: 78055786.","REGIONAL":"Norte","CODIGO_INEP":51089750.0,"LATITUDE":-15.5369,"LONGITUDE":-56.0757,"LINK1":"https://www.google.com/maps?q=-15.5369,-56.0757","LINK":"https://www.google.com/maps?q=-15.5369,-56.0757","Tipo":null,"Unidade1":null,"Diretor":"-","Coordenador":null,"Secretário":null,"Endereco1":null,"CEP1":null,"Telefone1":null,"Email1":null,"obs":null,"FID_BAIRROS":2167,"NOMES_BAIRROS":"JARDIM VITÓRIA","CONTROLE_1":"REGIAO NORTE"},"geometry":{"type":"Point","coordinates":[-56.0757,-15.5369]}},
{"type":"Feature","properties":{"OBJECTID":160,"FID_Unidades_Escolares_V2":159,"ITEM":159.0,"UNIDADE":"EMEB SENHORINHA ANA ALVES DE OLIVEIRA","UNIDADE2":"EMEB Senhorinha Ana Alves de Oliveira","EMAIL":"emeb.ana.oliveira@sme.cuiaba.mt.gov.br","ENDEREÇO":"AVENIDA EMANUEL PINHEIRO, S/N - BAIRRO JARDIM VITORIA, Cuiabá/MT - CEP: 78050000.","REGIONAL":"Norte","CODIGO_INEP":51039311.0,"LATITUDE":-15.5369,"LONGITUDE":-56.0755,"LINK1":"https://www.google.com/maps?q=-15.5369,-56.0755","LINK":"https://www.google.com/maps?q=-15.5369,-56.0755","Tipo":null,"Unidade1":null,"Diretor":"-","Coordenador":null,"Secretário":null,"Endereco1":null,"CEP1":null,"Telefone1":null,"Email1":null,"obs":null,"FID_BAIRROS":2167,"NOMES_BAIRROS":"JARDIM VITÓRIA","CONTROLE_1":"REGIAO NORTE"},"geometry":{"type":"Point","coordinates":[-56.0755,-15.5369]}},
{"type":"Feature","properties":{"OBJECTID":161,"FID_Unidades_Escolares_V2":null,"ITEM":12.0,"UNIDADE":"CEIC ELZIRA CAVALCANTE DA SILVA","UNIDADE2":"CEIC Elzira Cavalcante da Silva","EMAIL":"creche.elzira.silva@sme.cuiaba.mt.gov.br","ENDEREÇO":"RUA DAS FLORES 2, S/N - BAIRRO SUCURI, Cuiabá/MT - CEP: 78105970.","REGIONAL":"Rural","CODIGO_INEP":51088550.0,"LATITUDE":-15.5475,"LONGITUDE":-56.1584,"LINK1":"https://www.google.com/maps?q=-15.5475,-56.1584","LINK":"https://www.google.com/maps?q=-15.5475,-56.1584","Tipo":"CEIC","Unidade1":"CEIC Elzira Cavalcante da Silva","Diretor":"Cristiane Correa Ribeiro","Coordenador":"Edna Cristina Alves Martins Braga","Secretário":"0","Endereco1":"R. das Flores, S/N – Distrito do Sucuri","CEP1":"78105-990","Telefone1":"(65) 99815-0444","Email1":"creche.elzira.silva@sme.cuiaba.mt.gov.br","obs":0.0,"FID_BAIRROS":null,"NOMES_BAIRROS":"Zona Rural","CONTROLE_1":"Zona Rural"},"geometry":{"type":"Point","coordinates":[-56.1584,-15.5475]}},
{"type":"Feature","properties":{"OBJECTID":162,"FID_Unidades_Escolares_V2":null,"ITEM":97.0,"UNIDADE":"EMEB DEJANI RIBEIRO CAMPOS","UNIDADE2":"EMEB Dejani Ribeiro Campos","EMAIL":"emeb.dejani.campos@sme.cuiaba.mt.gov.br","ENDEREÇO":"RUA 07 QUADRA 13, S/N - BAIRRO JARDIM VITORIA, Cuiabá/MT - CEP: 78015285.","REGIONAL":"Leste","CODIGO_INEP":51036916.0,"LATITUDE":-15.335,"LONGITUDE":-56.0101,"LINK1":"https://www.google.com/maps?q=-15.335,-56.0101","LINK":"https://www.google.com/maps?q=-15.335,-56.0101","Tipo":null,"Unidade1":null,"Diretor":"-","Coordenador":null,"Secretário":null,"Endereco1":null,"CEP1":null,"Telefone1":null,"Email1":null,"obs":null,"FID_BAIRROS":null,"NOMES_BAIRROS":"Zona Rural","CONTROLE_1":"Zona Rural"},"geometry":{"type":"Point","coordinates":[-56.0101,-15.335]}},
{"type":"Feature","properties":{"OBJECTID":163,"FID_Unidades_Escolares_V2":null,"ITEM":165.0,"UNIDADE":"EMEBC DOUTOR ESTEVÃO ALVES CORREA","UNIDADE2":"EMEBC Doutor Estevão Alves Correa","EMAIL":"emebc.estevao.alves@sme.cuiaba.mt.gov.br","ENDEREÇO":"RODOVIA EMANUEL PINHEIRO, S/N - BAIRRO COMUNIDADE RIO DOS PEIXES, Cuiabá/MT - CEP: 78055733.","REGIONAL":"Rural","CODIGO_INEP":51038510.0,"LATITUDE":-15.3959,"LONGITUDE":-55.9911,"LINK1":"https://www.google.com/maps?q=-15.3959,-55.9911","LINK":"https://www.google.com/maps?q=-15.3959,-55.9911","Tipo":"EMEBC","Unidade1":"EMEBC DOUTOR ESTEVÃO ALVES CORREA","Diretor":"Carla Patrícia Queiroz de Souza","Coordenador":"Lourimara de Freitas Pedroso","Secretário":"Josué Rodrigues de Souza","Endereco1":"Rod. Emanuel Pinheiro - Comunidade Rural Rio dos Peixes","CEP1":"78010-210","Telefone1":"(65) 99221-3093","Email1":"emeb.estevao.alves@sme.cuiaba.mt.gov.br","obs":0.0,"FID_BAIRROS":null,"NOMES_BAIRROS":"Zona Rural","CONTROLE_1":"Zona Rural"},"geometry":{"type":"Point","coordinates":[-55.9911,-15.3959]}},
{"type":"Feature","properties":{"OBJECTID":164,"FID_Unidades_Escolares_V2":null,"ITEM":166.0,"UNIDADE":"EMEBC HERBERT DE SOUZA","UNIDADE2":"EMEBC Herbert de Souza","EMAIL":"emebc.herbert.souza@sme.cuiaba.mt.gov.br","ENDEREÇO":"AVENIDA ROTATORIA, S/N - BAIRRO COMUNIDADE CINTURAO VERDE, Cuiabá/MT - CEP: 78005000.","REGIONAL":"Rural","CODIGO_INEP":51062895.0,"LATITUDE":-15.63,"LONGITUDE":-55.9304,"LINK1":"https://www.google.com/maps?q=-15.63,-55.9304","LINK":"https://www.google.com/maps?q=-15.63,-55.9304","Tipo":"EMEBC","Unidade1":"EMEBC Herbert de Souza","Diretor":"Luciane Pinto de Almeida","Coordenador":"Marina de Oliveira Silva","Secretário":"Julieta Xavier Santos Vieira","Endereco1":"Avenida Rotatória s/nº","CEP1":"0","Telefone1":"(65) 99300-5850","Email1":"emeb.herbert.souza@sme.cuiaba.mt.gov.br","obs":0.0,"FID_BAIRROS":null,"NOMES_BAIRROS":"Zona Rural","CONTROLE_1":"Zona Rural"},"geometry":{"type":"Point","coordinates":[-55.9304,-15.63]}},
{"type":"Feature","properties":{"OBJECTID":165,"FID_Unidades_Escolares_V2":null,"ITEM":167.0,"UNIDADE":"EMEBC HERBERT DE SOUZA","UNIDADE2":"EMEBC Herbert de Souza","EMAIL":"emebc.penha.franca@sme.cuiaba.mt.gov.br","ENDEREÇO":"COMUNIDADE MT 402, S/N - BAIRRO DISTRITO COXIPO DO OURO, Cuiabá/MT - CEP: 78102000.","REGIONAL":"Rural","CODIGO_INEP":51040654.0,"LATITUDE":-15.4601,"LONGITUDE":-55.9772,"LINK1":"https://www.google.com/maps?q=-15.4601,-55.9772","LINK":"https://www.google.com/maps?q=-15.4601,-55.9772","Tipo":"EMEBC","Unidade1":"EMEBC Herbert de Souza","Diretor":"Luciane Pinto de Almeida","Coordenador":"Marina de Oliveira Silva","Secretário":"Julieta Xavier Santos Vieira","Endereco1":"Avenida Rotatória s/nº","CEP1":"0","Telefone1":"(65) 99300-5850","Email1":"emeb.herbert.souza@sme.cuiaba.mt.gov.br","obs":0.0,"FID_BAIRROS":null,"NOMES_BAIRROS":"Zona Rural","CONTROLE_1":"Zona Rural"},"geometry":{"type":"Point","coordinates":[-55.9772,-15.4601]}},
{"type":"Feature","properties":{"OBJECTID":166,"FID_Unidades_Escolares_V2":null,"ITEM":168.0,"UNIDADE":"EMEBC NOVA ESPERANÇA","UNIDADE2":"EMEBC Nova Esperança","EMAIL":"emebc.nova.esperanca@sme.cuiaba.mt.gov.br","ENDEREÇO":"RUA 14, S/N - BAIRRO RESIDENCIAL NOVA ESP, Cuiabá/MT - CEP: 78015285.","REGIONAL":"Rural","CODIGO_INEP":51037548.0,"LATITUDE":-15.7292,"LONGITUDE":-56.0452,"LINK1":"https://www.google.com/maps?q=-15.7292,-56.0452","LINK":"https://www.google.com/maps?q=-15.7292,-56.0452","Tipo":"EMEBC","Unidade1":"EMEBC Nova Esperança","Diretor":"Jonise do Carmo Teixeira Rodrigues","Coordenador":"Keila Cristina Barreto","Secretário":"Everton Lino da Silva Campos","Endereco1":"Rodovia Palmiro Paes de Barros, Rua 14 S/N, Bairro: Nova Esperança","CEP1":"0","Telefone1":"(65) 99253-5049","Email1":"emeb.nova.esperanca@sme.cuiaba.mt.gov.br","obs":0.0,"FID_BAIRROS":null,"NOMES_BAIRROS":"Zona Rural","CONTROLE_1":"Zona Rural"},"geometry":{"type":"Point","coordinates":[-56.0452,-15.7292]}},
{"type":"Feature","properties":{"OBJECTID":167,"FID_Unidades_Escolares_V2":null,"ITEM":169.0,"UNIDADE":"EMEBC NOVO RENASCER","UNIDADE2":"EMEBC Novo Renascer","EMAIL":"emebc.novo.renascer@sme.cuiaba.mt.gov.br","ENDEREÇO":"ESTRADA RIO DOS COUROS, S/N - BAIRRO FAZENDA VELHA KM 54, Cuiabá/MT - CEP: 78099899.","REGIONAL":"Rural","CODIGO_INEP":51039575.0,"LATITUDE":-15.577,"LONGITUDE":-55.7771,"LINK1":"https://www.google.com/maps?q=-15.577,-55.7771","LINK":"https://www.google.com/maps?q=-15.577,-55.7771","Tipo":"EMEBC","Unidade1":"EMEBC NOVO RENASCER","Diretor":"Vanesa Alves de Marais","Coordenador":"Mauricéia Pache da Silva","Secretário":"Tania Rose da Mota Pinheiro","Endereco1":"Estrada Rio dos Couros - Fábio de Oliveira","CEP1":"0","Telefone1":"(65) 99665-5104","Email1":"emeb.novo.renascer@sme.cuiaba.mt.gov.br","obs":0.0,"FID_BAIRROS":null,"NOMES_BAIRROS":"Zona Rural","CONTROLE_1":"Zona Rural"},"geometry":{"type":"Point","coordinates":[-55.7771,-15.577]}},
{"type":"Feature","properties":{"OBJECTID":168,"FID_Unidades_Escolares_V2":null,"ITEM":170.0,"UNIDADE":"EMEBC PROFESSORA BENEDITA XAVIER RODRIGUES","UNIDADE2":"EMEBC Professora Benedita Xavier Rodrigues","EMAIL":"emebc.benedita.rodrigues@sme.cuiaba.mt.gov.br","ENDEREÇO":"RUA LUIZ FIRMINO DA FONSECA, 94 - BAIRRO DISTRITO NOSSA SENHORA DA GUIA, Cuiabá/MT - CEP: 78104000.","REGIONAL":"Rural","CODIGO_INEP":51040697.0,"LATITUDE":-15.3556,"LONGITUDE":-56.2303,"LINK1":"https://www.google.com/maps?q=-15.3556,-56.2303","LINK":"https://www.google.com/maps?q=-15.3556,-56.2303","Tipo":"EMEBC","Unidade1":"EMEBC PROFESSORA BENEDITA XAVIER RODRIGUES","Diretor":"Luzia da Silva Santos","Coordenador":"Maria Estevina Mendes Souza","Secretário":"Aline Maria de Souza Neves Silva Prokoski","Endereco1":"Rua Luis Firmino da Fonseca, 94, Distrito de Nossa Senhora da Guia","CEP1":"78134-000","Telefone1":"(65) 99659-7378","Email1":"emeb.benedita.rodrigues@sme.cuiaba.mt.gov.br","obs":0.0,"FID_BAIRROS":null,"NOMES_BAIRROS":"Zona Rural","CONTROLE_1":"Zona Rural"},"geometry":{"type":"Point","coordinates":[-56.2303,-15.3556]}},
{"type":"Feature","properties":{"OBJECTID":169,"FID_Unidades_Escolares_V2":null,"ITEM":171.0,"UNIDADE":"EMEBC PROFESSORA HILDA CAETANO DE OLIVEIRA LEITE","UNIDADE2":"EMEBC Professora Hilda Caetano de Oliveira Leite","EMAIL":"emebc.hilda.leite@sme.cuiaba.mt.gov.br","ENDEREÇO":"ESTRADA VELHA DA GUIA-KM 09 BAIRRO SUCURI, S/N - BAIRRO BAIRRO - SUCURI, Cuiabá/MT - CEP: 78015285.","REGIONAL":"Rural","CODIGO_INEP":51038501.0,"LATITUDE":-15.5478,"LONGITUDE":-56.1585,"LINK1":"https://www.google.com/maps?q=-15.5478,-56.1585","LINK":"https://www.google.com/maps?q=-15.5478,-56.1585","Tipo":"EMEBC","Unidade1":"EMEBC PROFESSORA HILDA CAETANO DE OLIVEIRA LEITE","Diretor":"Vilson Messias Aguiar","Coordenador":"Angelo Valentim Lena","Secretário":"Mauricio Vieira da Costa","Endereco1":"Estrada Velha da Guia, KM 09 – Sucuri S/N","CEP1":"78105-990","Telefone1":"(65) 3617-1491 / 3626-6115","Email1":"emeb.hilda.leite@sme.cuiaba.mt.gov.br","obs":0.0,"FID_BAIRROS":null,"NOMES_BAIRROS":"Zona Rural","CONTROLE_1":"Zona Rural"},"geometry":{"type":"Point","coordinates":[-56.1585,-15.5478]}},
{"type":"Feature","properties":{"OBJECTID":170,"FID_Unidades_Escolares_V2":null,"ITEM":172.0,"UNIDADE":"EMEBC PROFESSORA UDENEY GONÇALVES DE AMORIM","UNIDADE2":"EMEBC Professora Udeney Gonçalves de Amorim","EMAIL":"emebc.udeney.amorim@sme.cuiaba.mt.gov.br","ENDEREÇO":"AVENIDA PRINCIPAL OVIDIO PAULO DOS SANTOS, 200 - BAIRRO DISTRITO DE AGUACU, Cuiabá/MT - CEP: 78104000.","REGIONAL":"Rural","CODIGO_INEP":51040662.0,"LATITUDE":-15.2818,"LONGITUDE":-56.1302,"LINK1":"https://www.google.com/maps?q=-15.2818,-56.1302","LINK":"https://www.google.com/maps?q=-15.2818,-56.1302","Tipo":"EMEBC","Unidade1":"EMEBC PROFESSORA UDENEY GONÇALVES DE AMORIM","Diretor":"Ademercina Silva Xavier","Coordenador":"Claudiane Aparecida Assunção Almeida","Secretário":"Odilza Garcia de Arruda","Endereco1":"Av. Paulo Ovídio dos Santos – Aguaçú / Av. Principal Nº 200 - Distrito da Guia","CEP1":"78108-000","Telefone1":"(65) 99957-0478 / 99625-3274","Email1":"emreb.udeney.amorim@sme.cuiaba.mt.gov.br","obs":0.0,"FID_BAIRROS":null,"NOMES_BAIRROS":"Zona Rural","CONTROLE_1":"Zona Rural"},"geometry":{"type":"Point","coordinates":[-56.1302,-15.2818]}},
{"type":"Feature","properties":{"OBJECTID":171,"FID_Unidades_Escolares_V2":null,"ITEM":4.0,"UNIDADE":"CEIC ALTOS DA GLÓRIA","UNIDADE2":"CEIC Altos da Glória","EMAIL":"creche.altos.gloria@sme.cuiaba.mt.gov.br","ENDEREÇO":"RUA 15, S/N - BAIRRO ALTOS DA GLORIA, Cuiabá/MT - CEP: 78005000.","REGIONAL":"Norte","CODIGO_INEP":51088460.0,"LATITUDE":-15.5441,"LONGITUDE":-56.0198,"LINK1":"https://www.google.com/maps?q=-15.5441,-56.0198","LINK":"https://www.google.com/maps?q=-15.5441,-56.0198","Tipo":"CEIC","Unidade1":"CEIC Altos da Glória","Diretor":"Roseli Alves de Mello","Coordenador":"Fabiana Leite da Silva","Secretário":"0","Endereco1":"R. 15, Q. 60, S/N – Altos da Glória","CEP1":"78057-324","Telefone1":"(65) 99249-8709","Email1":"creche.altos.gloria@sme.cuiaba.mt.gov.br","obs":0.0,"FID_BAIRROS":null,"NOMES_BAIRROS":"ÁREAS DE EXPANSÃO URBANA - REGIÃO NORTE","CONTROLE_1":"REGIAO NORTE"},"geometry":{"type":"Point","coordinates":[-56.0198,-15.5441]}}
]
}
